pnumber,pclass,survived,name,age,embarked,home.dest,room,ticket,boat,sex
1,1st,1,"Allen, Miss Elisabeth Walton",29,Southampton,"St Louis, MO",B-5,24160 L221,2,female
2,1st,0,"Allison, Miss Helen Loraine",2,Southampton,"Montreal, PQ / Chesterville, ON",C26,,,female
3,1st,0,"Allison, Mr Hudson Joshua Creighton",30,Southampton,"Montreal, PQ / Chesterville, ON",C26,,-135,male
4,1st,0,"Allison, Mrs Hudson J.C. (Bessie Waldo Daniels)",25,Southampton,"Montreal, PQ / Chesterville, ON",C26,,,female
5,1st,1,"Allison, Master Hudson Trevor",0.9167,Southampton,"Montreal, PQ / Chesterville, ON",C22,,11,male
6,1st,1,"Anderson, Mr Harry",47,Southampton,"New York, NY",E-12,,3,male
7,1st,1,"Andrews, Miss Kornelia Theodosia",63,Southampton,"Hudson, NY",D-7,13502 L77,10,female
8,1st,0,"Andrews, Mr Thomas, jr",39,Southampton,"Belfast, NI",A-36,,,male
9,1st,1,"Appleton, Mrs Edward Dale (Charlotte Lamson)",58,Southampton,"Bayside, Queens, NY",C-101,,2,female
10,1st,0,"Artagaveytia, Mr Ramon",71,Cherbourg,"Montevideo, Uruguay",,,-22,male
11,1st,0,"Astor, Colonel John Jacob",47,Cherbourg,"New York, NY",,17754 L224 10s 6d,-124,male
12,1st,1,"Astor, Mrs John Jacob (Madeleine Talmadge Force)",19,Cherbourg,"New York, NY",,17754 L224 10s 6d,4,female
13,1st,1,"Aubert, Mrs Leontine Pauline",NA,Cherbourg,"Paris, France",B-35,17477 L69 6s,9,female
14,1st,1,"Barkworth, Mr Algernon H.",NA,Southampton,"Hessle, Yorks",A-23,,B,male
15,1st,0,"Baumann, Mr John D.",NA,Southampton,"New York, NY",,,,male
16,1st,1,"Baxter, Mrs James (Helene DeLaudeniere Chaput)",50,Cherbourg,"Montreal, PQ",B-58/60,,6,female
17,1st,0,"Baxter, Mr Quigg Edmond",24,Cherbourg,"Montreal, PQ",B-58/60,,,male
18,1st,0,"Beattie, Mr Thomson",36,Cherbourg,"Winnipeg, MN",C-6,,,male
19,1st,1,"Beckwith, Mr Richard Leonard",37,Southampton,"New York, NY",D-35,,5,male
20,1st,1,"Beckwith, Mrs Richard Leonard (Sallie Monypeny)",47,Southampton,"New York, NY",D-35,,5,female
21,1st,1,"Behr, Mr Karl Howell",26,Cherbourg,"New York, NY",C-148,,5,male
22,1st,0,"Birnbaum, Mr Jakob",25,Cherbourg,"San Francisco, CA",,,-148,male
23,1st,1,"Bishop, Mr Dickinson H.",25,Cherbourg,"Dowagiac, MI",B-49,,7,male
24,1st,1,"Bishop, Mrs Dickinson H. (Helen Walton)",19,Cherbourg,"Dowagiac, MI",B-49,,7,female
25,1st,1,"Bjornstrm-Steffansson, Mr Mauritz Hakan",28,Southampton,"Stockholm, Sweden / Washington, DC",, ,D,male
26,1st,0,"Blackwell, Mr Stephen Weart",45,Southampton,"Trenton, NJ",,,-241,male
27,1st,1,"Blank, Mr Henry",39,Cherbourg,"Glen Ridge, NJ",A-31,,7,male
28,1st,1,"Bonnell, Miss Caroline",30,Southampton,"Youngstown, OH",C-7,,8,female
29,1st,1,"Bonnell, Miss Elizabeth",58,Southampton,"Birkdale, England Cleveland, Ohio",C-103,,8,female
30,1st,0,"Borebank, Mr John James",NA,Southampton,"London / Winnipeg, MB",D-21/2,,,male
31,1st,1,"Bowen, Miss Grace Scott",45,Cherbourg,"Cooperstown, NY",,,4,female
32,1st,1,"Bowerman, Miss Elsie Edith",22,Southampton,"St Leonards-on-Sea, England Ohio",,,6,female
33,1st,1,"Bradley, Mr George",NA,Southampton,"Los Angeles, CA",,,15,male
34,1st,0,"Brady, Mr John Bertram",41,Southampton,"Pomeroy, WA",,,,male
35,1st,0,"Brandeis, Mr Emil",48,Cherbourg,"Omaha, NE",,17591 L50 9s 11d,-208,male
36,1st,0,"Brewe, Dr Arthur Jackson",NA,Cherbourg,"Philadelphia, PA",,,,male
37,1st,1,"Brown, Mrs James Joseph (Margaret Molly"" Tobin)""",44,Cherbourg,"Denver, CO",,17610 L27 15s 5d,6,female
38,1st,1,"Brown, Mrs John Murray (Caroline Lane Lamson)",59,Southampton,"Belmont, MA",C-101,,D,female
39,1st,1,"Bucknell, Mrs William Robert (Emma Eliza Ward)",60,Cherbourg,"Philadelphia, PA",,,8,female
40,1st,0,"Butt, Major Archibald Willingham",45,Southampton,"Washington, DC",,,,male
41,1st,1,"Calderhead, Mr Edward P.",NA,Southampton,"New York, NY",,,7-May,male
42,1st,1,"Candee, Mrs Edward (Helen Churchill Hungerford)",53,Cherbourg,"Washington, DC",,,6,female
43,1st,1,"Cardeza, Mrs James Warburton Martinez (Charlotte Wardle Drake)",58,Cherbourg,"Germantown, Philadelphia, PA",B-51/3/5,17755 L512 6s,3,female
44,1st,1,"Cardeza, Mr Thomas Drake Martinez",36,Cherbourg,"Austria-Hungary / Germantown, Philadelphia, PA",B-51/3/5,17755 L512 6s,3,male
45,1st,0,"Carlsson, Mr Frans Olof",33,Southampton,"New York, NY",,,,male
46,1st,0,"Carrau, Mr Francisco M.",NA,Southampton,"Montevideo, Uruguay",,,,male
47,1st,0,"Carrau, Mr Jose Pedro",NA,Southampton,"Montevideo, Uruguay",,,,male
48,1st,1,"Carter, Mr William Ernest",36,Southampton,"Bryn Mawr, PA",,,C,male
49,1st,1,"Carter, Mrs William Ernest (Lucile Polk)",36,Southampton,"Bryn Mawr, PA",,,4,female
50,1st,1,"Carter, Miss Lucile Polk",14,Southampton,"Bryn Mawr, PA",,,4,female
51,1st,1,"Carter, Master William T. II",11,Southampton,"Bryn Mawr, PA",,,4,male
52,1st,0,"Case, Mr Howard Brown",49,Southampton,"Ascot, Berkshire / Rochester, NY",,,,male
53,1st,1,"Cassebeer, Mrs Henry Arthur jr (Genevieve Fosdick)",NA,Cherbourg,"New York, NY",,,5,female
54,1st,0,"Cavendish, Mr Tyrell William",36,Southampton,"Little Onn Hall, Staffs",,,-172,male
55,1st,1,"Cavendish, Mrs Tyrell William Julia Florence Siegel",NA,Southampton,"Little Onn Hall, Staffs",,,6,female
56,1st,0,"Chaffee, Mr Herbert Fuller",46,Southampton,"Amenia, ND",,,,male
57,1st,1,"Chaffee, Mrs Herbert Fuller (Carrie Constance Toogood)",47,Southampton,"Amenia, ND",,,,female
58,1st,1,"Chambers, Mr Norman Campbell",27,Southampton,"New York, NY / Ithaca, NY",,,5,male
59,1st,1,"Chambers, Mrs Norman Campbell (Bertha Griggs)",31,Southampton,"New York, NY / Ithaca, NY",,,5,female
60,1st,1,"Cherry, Miss Gladys",NA,Southampton,"London, England",,,8,female
61,1st,1,"Chevre, Mr Paul",NA,Cherbourg,"Paris, France",,,7,male
62,1st,1,"Chibnall (Bowerman), Mrs Edith Martha",NA,Southampton,"St Leonards-on-Sea, England Ohio",,,6,female
63,1st,0,"Chisholm, Mr Roderick Robert",NA,,"Liverpool, England / Belfast",,,,male
64,1st,0,"Clark, Mr Walter Miller",27,Cherbourg,"Los Angeles, CA",C-87,,,male
65,1st,1,"Clark, Mrs Walter Miller (Virginia McDowell)",26,Cherbourg,"Los Angeles, CA",C-87,,4,female
66,1st,0,"Clifford, Mr George Quincy",NA,Southampton,"Stoughton, MA",,,,male
67,1st,0,"Colley, Mr Edward Pomeroy",NA,Southampton,"Victoria, BC",,,,male
68,1st,1,"Compton, Mrs Alexander Taylor (Mary Eliza Ingersoll)",64,Cherbourg,"Lakewood, NJ",,,14,female
69,1st,0,"Compton, Mr Alexander Taylor, Jr",37,Cherbourg,"Lakewood, NJ",,,,male
70,1st,1,"Compton, Miss Sara Rebecca",39,Cherbourg,"Lakewood, NJ",,,14,female
71,1st,1,"Cornell, Mrs Robert Clifford (Malvina Helen Lamson)",55,Southampton,"New York, NY",C-101,,2,female
72,1st,0,"Crafton, Mr John Bertram",NA,Southampton,"Roachdale, IN",,,,male
73,1st,0,"Crosby, Captain Edward Gifford",70,Southampton,"Milwaukee, WI",,,-269,male
74,1st,1,"Crosby, Mrs Edward Gifford (Catherine Elizabeth Halstead)",69,Southampton,"Milwaukee, WI",,,5,female
75,1st,1,"Crosby, Miss Harriet R.",36,Southampton,"Milwaukee, WI",,,5,female
76,1st,0,"Cumings, Mr John Bradley",39,Cherbourg,"New York, NY",C-85,,,male
77,1st,1,"Cumings, Mrs John Bradley (Florence Briggs Thayer)",38,Cherbourg,"New York, NY",C-85,,4,female
78,1st,1,"Daly, Mr Peter Denis ",NA,Southampton,"Lima, Peru",,,A,male
79,1st,1,"Daniel, Mr Robert Williams",27,Southampton,"Philadelphia, PA",,,7,male
80,1st,0,"Davidson, Mr Thornton",31,Southampton,"Montreal, PQ",,,,male
81,1st,1,"Davidson, Mrs Thornton (Orian Hays)",27,Southampton,"Montreal, PQ",,,3,female
82,1st,1,"de Villiers, Madame Berthe",NA,Cherbourg,"Belgium  Montreal, PQ",,,6,female
83,1st,1,"Dick, Mr Albert Adrian",31,Cherbourg,"Calgary, AB",,,3,male
84,1st,1,"Dick, Mrs Albert Adrian Vera Gillespie",17,Cherbourg,"Calgary, AB",,,3,female
85,1st,1,"Dodge, Dr. Washington",NA,Southampton,"San Francisco, CA",,,13,male
86,1st,1,"Dodge, Mrs Washington (Ruth Vidaver)",NA,Southampton,"San Francisco, CA",,,7-May,female
87,1st,1,"Dodge, Master Washington",4,Southampton,"San Francisco, CA",,,7-May,male
88,1st,1,"Douglas, Mrs Frederick Charles (Suzette Baxter)",27,Cherbourg,"Montreal, PQ",,,6,female
89,1st,0,"Douglas, Mr Walter Donald",50,Cherbourg,"Deephaven, MN / Cedar Rapids, IA",,,-62,male
90,1st,1,"Douglas, Mrs Walter Donald (Mahala Dutton)",48,Cherbourg,"Deephaven, MN / Cedar Rapids, IA",,,2,female
91,1st,1,"Duff Gordon, Sir Cosmo Edmund",49,Cherbourg,London / Paris,,11755 L39 12s,1,male
92,1st,1,"Duff Gordon, Lady (Lucille Wallace Sutherland)",48,Cherbourg,London / Paris,,17485 L56 18s 7d,1,female
93,1st,0,"Dulles, Mr William Crothers",39,Cherbourg,"Philadelphia, PA",,,-133,male
94,1st,1,"Earnshaw, Mrs Boulton (Olive Potter)",23,Cherbourg,"Mt Airy, Philadelphia, PA",,,7,female
95,1st,1,"Eustis, Miss Elizabeth Mussey",53,Cherbourg,"Brookline, MA",,,4,female
96,1st,0,"Evans, Miss Edith Corse",36,Cherbourg,"New York, NY",,,,female
97,1st,1,"Flegenheim, Mrs Alfred (Antoinette)",NA,Cherbourg,"New York, NY",,,7,female
98,1st,1,"Flynn, Mr John Irving",NA,Southampton,"Brooklyn, NY",,,7-May,male
99,1st,0,"Foreman, Mr Benjamin Laventall",30,Cherbourg,"New York, NY",,,,male
100,1st,1,"Fortune, Miss Alice Elizabeth",24,Southampton,"Winnipeg, MB",,,10,female
101,1st,0,"Fortune, Mr Charles Alexander",19,Southampton,"Winnipeg, MB",,,,male
102,1st,1,"Fortune, Miss Ethel Flora",28,Southampton,"Winnipeg, MB",,,10,female
103,1st,1,"Fortune, Miss Mabel",23,Southampton,"Winnipeg, MB",,,10,female
104,1st,0,"Fortune, Mr Mark",64,Southampton,"Winnipeg, MB",,,,male
105,1st,1,"Fortune, Mrs Mark (Mary McDougald)",60,Southampton,"Winnipeg, MB",,,10,female
106,1st,0,"Franklin, Mr Thomas Parham",NA,Southampton,"Westcliff-on-Sea, Essex",,,,male
107,1st,1,"Frauenthal, Dr Henry William",49,Cherbourg,"New York, NY",,,5,male
108,1st,1,"Frauenthal, Mrs Henry William (Clara Heinsheimer)",NA,Cherbourg,"New York, NY",,,5,female
109,1st,1,"Frauenthal, Mr Isaac Gerald",44,Southampton,"New York, NY",,,5,male
110,1st,1,"Frolicher, Miss Marguerite",22,Cherbourg,"Zurich, Switzerland",,,5,female
111,1st,1,"Frolicher-Stehli, Mr Maxmillian",60,Cherbourg,"Zurich, Switzerland",,,5,male
112,1st,1,"Frolicher-Stehli, Mrs Maxmillian (Margaretha Emerentia Stehli)",48,Cherbourg,"Zurich, Switzerland",,,5,female
113,1st,0,"Futrelle, Mr Jacques",37,Southampton,"Scituate, MA",,,,male
114,1st,1,"Futrelle, Mrs Jacques (May Peel)",35,Southampton,"Scituate, MA",,,9,female
115,1st,0,"Gee, Mr Arthur H.",47,Southampton,"St Anne's-on-Sea, Lancashire",,,-275,male
116,1st,1,"Gibson, Miss Dorothy",22,Cherbourg,"New York, NY",,,7,female
117,1st,1,"Gibson, Mrs Leonard (Pauline C. Boeson)",45,Cherbourg,"New York, NY",,,7,female
118,1st,1,"Goldenberg, Mr Samuel L.",49,Cherbourg,"Paris, France / New York, NY",,,5,male
119,1st,1,"Goldenberg, Mrs Samuel L. (Edwiga Grabowsko)",NA,Cherbourg,"Paris, France / New York, NY",,,5,female
120,1st,0,"Goldschmidt, Mr George B.",71,Cherbourg,"New York, NY",,,,male
121,1st,1,"Gracie, Colonel Archibald IV",54,Southampton,"Washington, DC",C-51,113780 L28 10s,B,male
122,1st,0,"Graham, Mr George Edward",38,Southampton,"Winnipeg, MB",,,-147,male
123,1st,1,"Graham, Miss Margaret Edith",19,Southampton,"Greenwich, CT",C-125,17582 L153 9s 3d,3,female
124,1st,1,"Graham, Mrs William Thompson (Edith Junkins)",58,Southampton,"Greenwich, CT",C-91,17582 L153 9s 3d,3,female
125,1st,1,"Greenfield, Mrs Leo David (Blanche Strouse)",45,Cherbourg,"New York, NY",,,7,female
126,1st,1,"Greenfield, Mr William Bertram",23,Cherbourg,"New York, NY",,,7,male
127,1st,0,"Guggenheim, Mr Benjamin",46,Cherbourg,"New York, NY",B-82/4,17593 L56 18s 7d,,male
128,1st,1,"Harder, Mr George Achilles",25,Cherbourg,"Brooklyn, NY",,,5,male
129,1st,1,"Harder, Mrs George Achilles (Dorothy Annan)",21,Cherbourg,"Brooklyn, NY",,,5,female
130,1st,1,"Harper, Mr Henry Sleeper",48,Cherbourg,"New York, NY",,,3,male
131,1st,1,"Harper, Mrs Henry Sleeper (Myna Haxtun)",49,Cherbourg,"New York, NY",,,3,female
132,1st,0,"Harris, Mr Henry Birkhardt",45,Southampton,"New York, NY",C-83,36973 L83 9s 6d,,male
133,1st,1,"Harris, Mrs Henry Birkhardt (Irene Wallach)",36,Southampton,"New York, NY",C-83,36973 L83 9s 6d,D,female
134,1st,1,"Hawksford, Mr Walter James",NA,Southampton,"Kingston, Surrey",,,3,male
135,1st,0,"Hays, Mr Charles Melville",55,Southampton,"Montreal, PQ",,,-307,male
136,1st,1,"Hays, Mrs Charles Melville (Clara Jennings Gregg)",52,Southampton,"Montreal, PQ",,,3,female
137,1st,1,"Hays, Miss Margaret Bechstein",24,Southampton,"New York, NY",,,7,female
138,1st,0,"Head, Mr Christopher",NA,Southampton,London / Middlesex,,,,male
139,1st,0,"Hilliard, Mr Herbert Henry",NA,Southampton,"Brighton, MA",,,,male
140,1st,0,"Hipkins, Mr William Edward",NA,Southampton,London / Birmingham,,,,male
141,1st,1,"Hippach, Miss Jean Gertrude",16,Cherbourg,"Chicago, IL",B-18,111361 L57 19s 7d,4,female
142,1st,1,"Hippach, Mrs Louis Albert (Ida Sophia Fischer)",44,Cherbourg,"Chicago, IL",B-18,111361 L57 19s 7d,4,female
143,1st,1,"Hogeboom, Mrs John C. (Anna Andrews)",51,Southampton,"Hudson, NY",D-?,13502 L77,10,female
144,1st,0,"Holverson, Mr Alexander Oskar",42,Southampton,"New York, NY",,,-38,male
145,1st,1,"Holverson, Mrs Alexander Oskar (Mary Aline Towner)",35,Southampton,"New York, NY",,,,female
146,1st,1,"Homer, Mr Harry",35,Cherbourg,"Indianapolis, IN",,,15,male
147,1st,1,"Hoyt, Mr Frederick Maxfield",38,Southampton,"New York, NY /  Stamford CT",C-93,,D,male
148,1st,1,"Hoyt, Mrs Frederick Maxfield (Jane Anne Forby)",35,Southampton,"New York, NY /  Stamford CT",C-93,,D,female
149,1st,0,"Hoyt, Mr William F.",NA,Cherbourg,"New York, NY",,,14,male
150,1st,0,"Isham, Miss Anne Elizabeth",50,Cherbourg,"Paris, France New York, NY",C-49,,,female
151,1st,1,"Ismay, Mr Joseph Bruce",49,Southampton,Liverpool,B-52/4/6,112058 Complimentary,C,male
152,1st,0,"Jones, Mr Charles Cresson",46,Southampton,"Bennington, VT",,,-80,male
153,1st,0,"Julian, Mr Henry Forbes",NA,Southampton,London,,,,male
154,1st,0,"Kent, Mr Edward Austin",58,Cherbourg,"Buffalo, NY",,,-258,male
155,1st,0,"Kenyon, Mr Frederick R.",41,Southampton,"Southington / Noank, CT",,,,male
156,1st,1,"Kenyon, Mrs Frederick R. (Marion)",NA,Southampton,"Southington / Noank, CT",,,8,female
157,1st,1,"Kimball, Mr Edwin Nelson Jr.",42,Southampton,"Boston, MA",,,5,male
158,1st,1,"Kimball, Mrs Edwin Nelson Jr. (Gertrude Parsons)",40,Southampton,"Boston, MA",,,5,female
159,1st,0,"Klaber, Mr Herman",NA,Southampton,"Portland, OR",,,,male
160,1st,1,"Leader, Dr Alice Farnham",NA,Southampton,"New York, NY",,,8,female
161,1st,0,"Lewy, Mr Ervin G.",NA,Cherbourg,"Chicago, IL",,,,male
162,1st,0,"Lindeberg-Lind, Mr Erik Gustaf",42,Southampton,"Stockholm, Sweden",,,,male
163,1st,1,"Lindstrom, Mrs Carl Johan (Sigrid Posse)",55,Cherbourg,"Stockholm, Sweden",,,6,female
164,1st,1,"Lines, Mrs Ernest H. (Elizabeth Lindsey James)",50,Cherbourg,"Paris, France",,,9,female
165,1st,1,"Lines, Miss Mary Conover",16,Cherbourg,"Paris, France",,,9,female
166,1st,0,"Lingrey, Mr Edward",NA,,,,,,male
167,1st,0,"Long, Mr Milton Clyde",29,Southampton,"Springfield, MA",,,-126,male
168,1st,1,"Longley, Miss Gretchen Fiske",21,Southampton,"Hudson, NY",D-?,13502 L77,10,female
169,1st,0,"Loring, Mr Joseph Holland",30,Southampton,"London / New York, NY",,,,male
170,1st,1,"Madill, Miss Georgette Alexandra",15,Southampton,"St Louis, MO",B-5,24160 L221,2,female
171,1st,0,"Maguire, Mr John Edward",30,Southampton,"Brockton, MA",,,,male
172,1st,1,"Marechal, Mr Pierre",NA,Cherbourg,"Paris, France",,,7,male
173,1st,0,"Marvin, Mr Daniel Warner",NA,Southampton,"New York, NY",,,,male
174,1st,1,"Marvin, Mrs Daniel Warner (Mary Graham Carmichael Farquarson)",NA,Southampton,"New York, NY",,,,female
175,1st,0,"McCaffry, Mr Thomas Francis",46,Cherbourg,"Vancouver, BC",,,-292,male
176,1st,0,"McCarthy, Mr Timothy J.",54,Southampton,"Dorchester, MA",,,-175,male
177,1st,1,"McGough, Mr James R.",36,Southampton,"Philadelphia, PA",,,7,male
178,1st,0,"Meyer, Mr Edgar Joseph",28,Cherbourg,"New York, NY",,,,male
179,1st,1,"Meyer, Mrs Edgar Joseph (Leila Saks)",NA,Cherbourg,"New York, NY",,,6,female
180,1st,0,"Millet, Mr Francis Davis",65,Southampton,"East Bridgewater, MA",,,-249,male
181,1st,1,"Minahan, Miss Daisy E.",33,Queenstown,"Green Bay, WI",,,14,female
182,1st,0,"Minahan, Dr William Edward",44,Queenstown,"Fond du Lac, WI",,,-230,male
183,1st,1,"Minahan, Mrs William Edward (Lillian E. Thorpe)",37,Queenstown,"Fond du Lac, WI",,,14,female
184,1st,1,"Mock, Mr Philip E.",NA,Cherbourg,"New York, NY",,,11,male
185,1st,0,"Molson, Mr Harry Markland",55,Southampton,"Montreal, PQ",,,,male
186,1st,0,"Moore, Mr Clarence Bloomfield",47,Southampton,"Washington, DC",,,,male
187,1st,0,"Natsch, Mr Charles H.",36,Cherbourg,"Brooklyn, NY",,,,male
188,1st,0,"Newell, Mr Arthur Webster",58,Cherbourg,"Lexington, MA",,,-122,male
189,1st,1,"Newell, Miss Madeleine",31,Cherbourg,"Lexington, MA",,,6,female
190,1st,1,"Newell, Miss Marjorie",23,Cherbourg,"Lexington, MA",,,6,female
191,1st,1,"Newsom, Miss Helen Monypeny",19,Southampton,"New York, NY",,,5,female
192,1st,0,"Nicholson, Mr Arthur Ernest",64,Southampton,"Isle of Wight, England",,,-263,male
193,1st,1,"Omont, Mr A. Fernand",NA,Cherbourg,"Paris, France",,,7,male
194,1st,0,"Ostby, Mr Engelhart Cornelius",64,Cherbourg,"Providence, RI",,,-234,male
195,1st,1,"Ostby, Miss Helen Raghnild",22,Cherbourg,"Providence, RI",,,5,female
196,1st,0,"Ovies y Rodriguez, Mr Servando",28,,"?Havana, Cuba",,,-189,male
197,1st,0,"Parr, Mr William Henry Marsh",NA,,Belfast,,,,male
198,1st,0,"Partner, Mr Austin",NA,Southampton,"Surbiton Hill, Surrey",,,-166,male
199,1st,0,"Payne, Mr Vivian Ponsonby",22,Southampton,"Montreal, PQ",,,,male
200,1st,0,"Pears, Mr Thomas",NA,Southampton,"Isleworth, England",,,,male
201,1st,1,"Pears, Mrs Thomas (Edith)",NA,Southampton,"Isleworth, England",,,8,female
202,1st,0,"Penasco, Mr Victor de Satode",18,Cherbourg,"Madrid, Spain",,,,male
203,1st,1,"Penasco, Mrs Victor de Satode (Josefa de Soto)",17,Cherbourg,"Madrid, Spain",,,8,female
204,1st,1,"Peuchen, Major Arthur Godfrey",52,Southampton,"Toronto, ON",C-104,,6,male
205,1st,0,"Porter, Mr Walter Chamberlain",46,Southampton,"Worcester, MA",,,-207,male
206,1st,1,"Potter, Mrs Thomas, Jr. (Lily Alexenia Wilson)",56,Cherbourg,"Mt Airy, Philadelphia, PA",,,7,female
207,1st,0,"Reuchlin, Jonkheer John George",NA,Southampton,"Rotterdam, Netherlands",,,,male
208,1st,1,"Rheims, Mr George Lucien",NA,Cherbourg,"Paris /  New York, NY",,17604 L39 12s,A,male
209,1st,1,"Robert, Mrs Edward Scott (Elisabeth Walton McMillan)",43,Southampton,"St Louis, MO",B-3,24160 L221,2,female
210,1st,0,"Roebling, Mr Washington Augustus 2nd",31,Southampton,"Trenton, NJ",,,,male
211,1st,1,"Romaine, Mr Charles Hallace",NA,Southampton,"New York, NY",,,15,male
212,1st,0,"Rood, Mr Hugh R.",NA,Southampton,"Seattle, WA",,,,male
213,1st,1,"Rosenbaum (Russell), Miss Edith Louise",33,Cherbourg,"Paris, France",A-11,17613 L27 14s 5d,11,female
214,1st,0,"Ross, Mr John Hugo",NA,Cherbourg,"Winnipeg, MB",,,,male
215,1st,1,"Rothes, the Countess of (Noel Lucy Martha Dyer-Edwardes)",27,Southampton,"London  Vancouver, BC",,,8,female
216,1st,0,"Rothschild, Mr Martin",55,Cherbourg,"New York, NY",,,,male
217,1st,1,"Rothschild, Mrs Martin (Elizabeth L. Barrett)",54,Cherbourg,"New York, NY",,,6,female
218,1st,0,"Rowe, Mr Alfred G.",NA,Southampton,London,,,-109,male
219,1st,0,"Ryerson, Mr Arthur Larned",61,Cherbourg,"Haverford, PA / Cooperstown, NY",,17608 L262 7s 6d,,male
220,1st,1,"Ryerson, Mrs Arthur Larned (Emily Maria Borie)",48,Cherbourg,"Haverford, PA / Cooperstown, NY",,17608 L262 7s 6d,4,female
221,1st,1,"Ryerson, Miss Emily Borie",18,Cherbourg,"Haverford, PA / Cooperstown, NY",,17608 L262 7s 6d,4,female
222,1st,1,"Ryerson, Master John Borie",13,Cherbourg,"Haverford, PA / Cooperstown, NY",,17608 L262 7s 6d,4,male
223,1st,1,"Ryerson, Miss Susan (Suzette) Parker",21,Cherbourg,"Haverford, PA / Cooperstown, NY",,17608 L262 7s 6d,4,female
224,1st,1,"Saalfeld, Mr Adolphe",NA,Southampton,"Manchester, England",,,3,male
225,1st,1,"Salomon, Mr Abraham L.",NA,Southampton,"New York, NY",,,1,male
226,1st,1,"Schabert, Mrs Paul (Emma Mock)",NA,Cherbourg,"New York, NY",,,11,female
227,1st,1,"Seward, Mr Frederic Kimber",34,Southampton,"New York, NY",,,7,male
228,1st,1,"Shutes, Miss Elizabeth W.",40,Southampton,"New York, NY / Greenwich CT",C-125,17582 L153 9s 3d,3,female
229,1st,1,"Silverthorne, Mr Spencer Victor",36,Southampton,"St Louis, MO",,,5,male
230,1st,0,"Silvey, Mr William Baird",50,,"Duluth, MN",,,,male
231,1st,1,"Silvey, Mrs William Baird (Alice Munger)",39,,"Duluth, MN",,,,female
232,1st,1,"Simonius-Blumer, Col Alfons",56,,"Basel, Switzerland",,,3,male
233,1st,1,"Sloper, Mr William Thompson",28,Southampton,"New Britain, CT",,,7,male
234,1st,0,"Smart, Mr John Montgomery",56,Southampton,"New York, NY",,,,male
235,1st,0,"Smith, Mr James Clinch",56,Cherbourg,"St James, Long Island, NY",,,,male
236,1st,0,"Smith, Mr Lucien Philip",24,Southampton,"Huntington, WV",,,,male
237,1st,1,"Smith, Mrs Lucien Philip (Mary Eloise Hughes",18,Southampton,"Huntington, WV",,,6,female
238,1st,0,"Smith, Mr Richard William",NA,Southampton,"Streatham, Surrey",,,,male
239,1st,1,"Snyder, Mr John Pillsbury",24,Southampton,"Minneapolis, MN",,,7,male
240,1st,1,"Snyder, Mrs John Pillsbury (Nelle Stevenson)",23,Southampton,"Minneapolis, MN",,,7,female
241,1st,1,"Spedden, Mr Frederick Oakley",45,Cherbourg,"Tuxedo Park, NY",,,3,male
242,1st,1,"Spedden, Mrs Frederick Oakley (Margaretta Corning Stone)",40,Cherbourg,"Tuxedo Park, NY",,,3,female
243,1st,1,"Spedden, Master Robert Douglas",6,Cherbourg,"Tuxedo Park, NY",,,3,male
244,1st,0,"Spencer, Mr William Augustus",57,Cherbourg,"Paris, France",,,,male
245,1st,1,"Spencer, Mrs William Augustus (Marie Eugenie)",NA,Cherbourg,"Paris, France",,,6,female
246,1st,1,"Staehlin, Dr Max",32,Cherbourg,"Basel, Switzerland",,,3,male
247,1st,0,"Stead, Mr William Thomas",62,Southampton,"Wimbledon Park, London / Hayling Island, Hants",C-89,,,male
248,1st,1,"Stengel, Mr Charles Emil Henry",54,Cherbourg,"Newark, NJ",,,1,male
249,1st,1,"Stengel, Mrs Charles Emil Henry (Annie May Morris)",43,Cherbourg,"Newark, NJ",,,5,female
250,1st,1,"Stephenson, Mrs Walter Bertram (Martha Eustis)",52,,"Haverford, PA",,,4,female
251,1st,0,"Stewart, Mr Albert A.",NA,Cherbourg,"Gallipolis, Ohio / ? Paris / New York",,,,male
252,1st,1,"Stone, Mrs George Nelson (Martha E.)",62,,"Cincinatti, OH",,,6,female
253,1st,0,"Straus, Mr Isidor",67,Southampton,"New York, NY",,17483 L221 15s 7d,-96,male
254,1st,0,"Straus, Mrs Isidor (Ida Blun)",63,Southampton,"New York, NY",,17483 L221 15s 7d,,female
255,1st,0,"Sutton, Mr Frederick",61,Southampton,"Haddenfield, NJ",,,-46,male
256,1st,1,"Swift, Mrs Frederick Joel (Margaret Welles Barron)",46,Southampton,"Brooklyn, NY",,,8,female
257,1st,0,"Taussig, Mr Emil",52,Southampton,"New York, NY",,,,male
258,1st,1,"Taussig, Mrs Emil (Tillie Mandelbaum)",39,Southampton,"New York, NY",,,8,female
259,1st,1,"Taussig, Miss Ruth",18,Southampton,"New York, NY",,,8,female
260,1st,1,"Taylor, Mr Elmer Zebley",48,Southampton,"London /  East Orange, NJ",C-126,,5,male
261,1st,1,"Taylor, Mrs Elmer Zebley (Juliet Cummins Wright)",NA,Southampton,"London /  East Orange, NJ",C-126,,5,female
262,1st,0,"Thayer, Mr John Borland",49,Cherbourg,"Haverford, PA",,,,male
263,1st,1,"Thayer, Mrs John Borland (Marian Longstreth Morris)",39,Cherbourg,"Haverford, PA",,,4,female
264,1st,1,"Thayer, Mr John Borland, jr.",17,Cherbourg,"Haverford, PA",,,B,male
265,1st,0,"Thorne, Mr George (alias of: Mr George Rosenshine)",46,Cherbourg,"New York, NY",,,,male
266,1st,1,"Thorne, Mrs Gertrude Maybelle",NA,Cherbourg,"New York, NY",,,D,female
267,1st,1,"Tucker, Mr Gilbert Milligan, jr",31,Cherbourg,"Albany, NY",,,7,male
268,1st,0,"Uruchurtu, Mr Manuel E.",NA,Cherbourg,"Mexico City, Mexico",,,,male
269,1st,0,"Van Derhoef, Mr Wyckoff",61,Southampton,"Brooklyn, NY",,,-245,male
270,1st,0,"Walker, Mr William Anderson",47,Southampton,"East Orange, NJ",,,,male
271,1st,0,"Warren, Mr Frank Manley",64,Cherbourg,"Portland, OR",,,,male
272,1st,1,"Warren, Mrs Frank Manley (Anna S. Atkinson)",60,Cherbourg,"Portland, OR",,,5,female
273,1st,0,"Weir, Col John",60,Southampton,"England Salt Lake City, Utah",,,,male
274,1st,1,"White, Mrs J. Stuart (Ella Holmes)",55,Cherbourg,"New York, NY / Briarcliff Manor NY",,,8,female
275,1st,0,"White, Mr Percival Wayland",54,Southampton,"Brunswick, ME",,,,male
276,1st,0,"White, Mr Richard Frasar",21,Southampton,"Brunswick, ME",,,-169,male
277,1st,0,"Wick, Mr George Dennick",57,Southampton,"Youngstown, OH",,,,male
278,1st,1,"Wick, Mrs George Dennick (Martha Hitchcock)",45,Southampton,"Youngstown, OH",,,8,female
279,1st,1,"Wick, Miss Mary Natalie",31,Southampton,"Youngstown, OH",C-7,,8,female
280,1st,0,"Widener, Mr George Dunton",50,Cherbourg,"Elkins Park, PA",,,,male
281,1st,1,"Widener, Mrs George Dunton (Eleanor Elkins)",50,Cherbourg,"Elkins Park, PA",,,4,female
282,1st,0,"Widener, Mr Harry Elkins",27,Cherbourg,"Elkins Park, PA",,,,male
283,1st,1,"Willard, Miss Constance",20,Southampton,"Duluth, MN",,,,female
284,1st,0,"Williams, Mr Charles Duane",51,Cherbourg,"Geneva, Switzerland / Radnor, PA",,,,male
285,1st,0,"Williams, Mr Fletcher Lambert",NA,Southampton,"London, England",,,,male
286,1st,1,"Williams, Mr Richard Norris II",21,Cherbourg,"Geneva, Switzerland / Radnor, PA",,,A,male
287,1st,1,"Woolner, Mr Hugh",NA,Southampton,"London, England",,,D,male
288,1st,0,"Wright, Mr George",NA,Southampton,"Halifax, NS",,,,male
289,1st,1,"Young, Miss Marie Grice",36,Cherbourg,"New York, NY / Washington, DC",,,8,female
290,1st,1,"Barber, Ms ",NA,Southampton,,,,,female
291,1st,1,"Bazzani, Ms Albina",NA,Cherbourg,,,,,female
292,1st,1,"Bidois, Miss Rosalie",NA,Cherbourg,,,17754,,female
293,1st,1,"Bird, Ms Ellen",NA,Southampton,,C-97,17483,,female
294,1st,1,"Bissetti, Ms Amelia",NA,Cherbourg,,C-99,,,female
295,1st,1,"Burns, Ms Elizabeth Margaret",NA,Cherbourg,,,,,female
296,1st,1,"Chaudanson, Ms 	Victorine",NA,Cherbourg,,,17608,,female
297,1st,1,"Cleaver, Ms Alice",NA,Southampton,,C22,,11,female
298,1st,1,"Daniels, Ms Sarah",NA,Southampton,,C-22,,8,female
299,1st,1,"Endres, Miss Caroline Louise",NA,Cherbourg,"New York, NY",C-45,17754 L224 10s 6d,4,female
300,1st,0,"Farthing, Mr John",NA,Southampton,,C-55 (?C-95),17483,,male
301,1st,0,"Fleming, Ms Margaret",NA,Cherbourg,,,,4,female
302,1st,1,"Francatelli, Ms Laura Mabel",NA,Cherbourg,,,17485,,female
303,1st,0,"Fry, Mr Richard",NA,Southampton,,B-102,112058,,male
304,1st,1,"Geiger, Miss Emily ",NA,Cherbourg,,,,,female
305,1st,0,"Giglio, Mr Victor",NA,Cherbourg,,B-86,17593,,male
306,1st,0,"Harrington, Mr Charles",NA,Southampton,,,,,male
307,1st,0,"Harrison, Mr William 	Henry",40,Southampton,,,112059,-110,male
308,1st,0,"Hassah, Mr Hamad",NA,Cherbourg,,,,,male
309,1st,1,"Icabad (Icabod), Ms",NA,,,,,,female
310,1st,0,"Keeping, Mr Edwin",32,Cherbourg,,,,-45,male
311,1st,1,"Kenchen, Ms Amelia",NA,Southampton,,,,2,female
312,1st,1,"LeRoy, Miss Berthe",NA,Cherbourg,,,,2,female
313,1st,0,"Lesneur, Mr Gustave",NA,Cherbourg,,B-?,,,male
314,1st,1,"Maloney, Ms",NA,Southampton,,,,8,female
315,1st,0,"Oliva, Mlle",NA,Cherbourg,,,,,female
316,1st,1,"Pericault, Ms",NA,Southampton,,,,,female
317,1st,0,"Ringhini, Mr Sante",33,Cherbourg,,,,-232,male
318,1st,0,"Robbins, Mr Victor",NA,Cherbourg,,C-62,17754,,male
319,1st,1,"Segesser, Mlle. Emma",NA,Cherbourg,,,,,female
320,1st,0,"Seredeca, Ms",NA,Southampton,,,,,female
321,1st,0,"Ward, Ms Anna",NA,Cherbourg,,,,,female
322,1st,1,"Wilson, Ms Helen",NA,Cherbourg,,,,,female
323,2nd,0,"Abelson, Mr Samuel",30,Cherbourg,"Russia New York, NY",,,,male
324,2nd,1,"Abelson, Mrs Samuel (Anna)",28,Cherbourg,"Russia New York, NY",,,12,female
325,2nd,0,"Andrew, Mr Edgar Samuel",18,Southampton,"Buenos Aires, Argentina / New Jersey, NJ",,,,male
326,2nd,0,"Andrew, Mr Frank",NA,Southampton,"Cornwall, England Houghton, MI",,,,male
327,2nd,0,"Angle, Mr William A.",34,Southampton,"Warwick, England",,,,male
328,2nd,1,"Angle, Mrs William A. (Florence)",32,Southampton,"Warwick, England",,,,female
329,2nd,0,"Ashby, Mr John",57,Southampton,"West Hoboken, NJ",,,,male
330,2nd,0,"Bailey, Mr Percy Andrew",18,Southampton,"Penzance, Cornwall / Akron, OH",,,,male
331,2nd,0,"Baimbrigge, Mr Charles R.",23,Southampton,Guernsey,,,,male
332,2nd,1,"Balls, Mrs Ada E. Hall",36,Southampton,"Bristol, Avon / Jacksonville, FL",,,,female
333,2nd,0,"Banfield, Mr Frederick J.",28,Southampton,"Plymouth, Dorset / Houghton, MI",,,,male
334,2nd,0,"Bateman, Rev Robert James",51,Southampton,"Jacksonville, FL",,,-174,male
335,2nd,1,"Beane, Mr Edward",32,Southampton,"Norwich / New York, NY",,,,male
336,2nd,1,"Beane, Mrs Edward (Ethel Clarke)",19,Southampton,"Norwich / New York, NY",,,,female
337,2nd,0,"Beauchamp, Mr Henry James",28,Southampton,England,,,,male
338,2nd,1,"Becker, Mrs Allen Oliver (Nellie E. Baumgardner)",36,Southampton,"Guntur, India / Benton Harbour, MI",,230136 L39,11,female
339,2nd,1,"Becker, Miss Marion Louise",4,Southampton,"Guntur, India / Benton Harbour, MI",,230136 L39,11,female
340,2nd,1,"Becker, Master Richard F.",1,Southampton,"Guntur, India / Benton Harbour, MI",,230136 L39,11,male
341,2nd,1,"Becker, Miss Ruth Elizabeth",12,Southampton,"Guntur, India / Benton Harbour, MI",,230136 L39,13,female
342,2nd,1,"Beesley, Mr Lawrence",34,Southampton,London,D-56,248698 L13,13,male
343,2nd,1,"Bentham, Miss Lilian W.",19,Southampton,"Rochester, NY",,,12,female
344,2nd,0,"Berriman, Mr William S.",23,Southampton,"St Ives, Cornwall / Calumet, MI",,,,male
345,2nd,0,"Botsford, Mr William Hull",26,Southampton,"Elmira, NY / Orange, NJ",,,,male
346,2nd,0,"Bowenur, Mr Solomon",NA,Southampton,London,,,,male
347,2nd,0,"Bracken, Mr James H.",27,Southampton,"Lake Arthur, Chavez County, NM",,,,male
348,2nd,1,"Brown, Miss Edith E.",15,Southampton,"Cape Town, South Africa / Seattle, WA",,,14,female
349,2nd,0,"Brown, Mr Thomas William Solomon",45,Southampton,"Cape Town, South Africa / Seattle, WA",,,,male
350,2nd,1,"Brown, Mrs Thomas William Solomon (Elizabeth C.)",40,Southampton,"Cape Town, South Africa / Seattle, WA",,,14,female
351,2nd,1,"Bryhl, Miss Dagmar",20,Southampton,"Skara, Sweden / Rockford, IL",,,12,female
352,2nd,0,"Bryhl, Mr Kurt Arnold Gottfrid",25,Southampton,"Skara, Sweden / Rockford, IL",,,,male
353,2nd,1,"Buss, Miss Kate",36,Southampton,"Sittingbourne, England / San Diego, CA",E-?,27849,9,female
354,2nd,0,"Butler, Mr Reginald Fenton",25,Southampton,"Southsea, Hants",,,-97,male
355,2nd,0,"Byles, Rev. Thomas Roussel D.",NA,Southampton,London,,,,male
356,2nd,1,"Bystrom, Mrs Carolina",42,Southampton,"New York, NY",,,,female
357,2nd,1,"Caldwell, Mr Albert Francis",26,Southampton,"Bangkok, Thailand / Roseville, IL",,,13,male
358,2nd,1,"Caldwell, Mrs Albert Francis (Sylvia Mae Harbaugh)",26,Southampton,"Bangkok, Thailand / Roseville, IL",,,13,female
359,2nd,1,"Caldwell, Master Alden Gates",0.8333,Southampton,"Bangkok, Thailand / Roseville, IL",,,13,male
360,2nd,1,"Cameron, Miss Clear",31,Southampton,"Mamaroneck, NY",,,,female
361,2nd,0,"Campbell, Mr William",NA,,Belfast,,,,male
362,2nd,0,"Carbines, Mr William",19,Southampton,"St Ives, Cornwall / Calumet, MI",,,-18,male
363,2nd,0,"Carter, Rev Ernest Courtenay",54,Southampton,London,,,,male
364,2nd,0,"Carter, Mrs Ernest Courtenay (Lillian Hughes)",44,Southampton,London,,,,female
365,2nd,0,"Chapman, Mr Charles Henry",52,Southampton,"Bronx, NY",,,-130,male
366,2nd,0,"Chapman, Mr John Henry",30,Southampton,"Cornwall / Spokane, WA",,,-17,male
367,2nd,0,"Chapman, Mrs John Henry (Elizabeth Lawry)",30,Southampton,"Cornwall / Spokane, WA",,,,female
368,2nd,1,"Christy, Mrs Alice Frances",NA,Southampton,London,,,,female
369,2nd,1,"Christy, Miss Julie",NA,Southampton,London,,,,female
370,2nd,0,"Clarke, Mr Charles V.",29,Southampton,"England / San Francisco, CA",,,,male
371,2nd,1,"Clarke, Mrs Charles V. (Ada Maria)",NA,Southampton,"England / San Francisco, CA",,,14,female
372,2nd,0,"Coleridge, Mr Reginald Charles",29,Southampton,"Hartford, Huntingdonshire",,,,male
373,2nd,0,"Collander, Mr Erik",27,Southampton,"Helsinki, Finland Ashtabula, Ohio",,,,male
374,2nd,1,"Collett, Mr Sidney C. Stuart",24,Southampton,"London / Fort Byron, NY",,,9,male
375,2nd,0,"Collyer, Mr Harvey",35,Southampton,"Bishopstoke, Hants / Fayette Valley, ID",,,,male
376,2nd,1,"Collyer, Mrs Harvey (Charlotte Tate)",31,Southampton,"Bishopstoke, Hants / Fayette Valley, ID",,,14,female
377,2nd,1,"Collyer, Miss Marjorie",8,Southampton,"Bishopstoke, Hants / Fayette Valley, ID",,,14,female
378,2nd,0,"Cook, Mrs Selena Rogers",22,Southampton,Pennsylvania,F-33,,14,female
379,2nd,0,"Corbett, Mrs Walter H. (Irene Colvin)",30,Southampton,"Provo, UT",,,,female
380,2nd,0,"Corey, Mrs Percy C. (Mary Phyllis Elizabeth Miller)",NA,Southampton,"Upper Burma, India Pittsburgh, PA",,,,female
381,2nd,0,"Cotterill, Mr Harry",20,Southampton,"Penzance, Cornwall / Akron, OH",,,,male
382,2nd,0,"Cunningham, Mr Alfred Fleming",NA,,Belfast,,,,male
383,2nd,0,"Davies, Mr Charles Henry",21,Southampton,"Lyndhurst, England",,,,male
384,2nd,1,"Davis, Mrs Agnes",49,Southampton,"St Ives, Cornwall / Hancock, MI",,,,female
385,2nd,1,"Davis, Master John Morgan",8,Southampton,"St Ives, Cornwall / Hancock, MI",,,,male
386,2nd,1,"Davis, Miss Mary",28,Southampton,"London / Staten Island, NY",,,13,female
387,2nd,0,"Deacon, Mr Percy",18,Southampton,,,,,male
388,2nd,0,"de Brito, Mr Jose Joaquim",NA,,"Portugal / Sau Paulo, Brazil",,,,male
389,2nd,0,"del Carlo, Mr Sebastiano",28,Cherbourg,"Lucca, Italy / California",,,-295,male
390,2nd,1,"del Carlo, Mrs Sebastiano (Argenia Genovese)",22,Cherbourg,"Lucca, Italy / California",,,,female
391,2nd,0,"Denbury, Mr Herbert",25,Southampton,"Guernsey / Elizabeth, NJ",,,,male
392,2nd,0,"Dibden, Mr William",18,Southampton,"New Forest, England",,,,male
393,2nd,1,"Doling, Mrs Ada",32,Southampton,Southampton,,,,female
394,2nd,1,"Doling, Miss Elsie",18,Southampton,Southampton,,,,female
395,2nd,0,"Downton (?Douton), Mr William James",NA,Southampton,"Holley, NY",,,,male
396,2nd,0,"Drew, Mr James Vivian",42,Southampton,"Greenport, NY",,28220 L32 10s,,male
397,2nd,1,"Drew, Mrs James Vivian (Lulu Thorne Christian)",34,Southampton,"Greenport, NY",,28220 L32 10s,,female
398,2nd,1,"Drew, Master Marshall Brines",8,Southampton,"Greenport, NY",,28220 L32 10s,,male
399,2nd,1,"Duran y More, Miss Asuncion",NA,Cherbourg,"Barcelona, Spain / Havana, Cuba",,,12,female
400,2nd,1,"Duran y More, Miss Florentina",NA,Cherbourg,"Barcelona, Spain / Havana, Cuba",,,12,female
401,2nd,0,"Eitemiller, Mr George Floyd",23,Southampton,"England / Detroit, MI",,,,male
402,2nd,0,"Enander, Mr Ingvar",21,Southampton,"Goteborg, Sweden / Rockford, IL",,,,male
403,2nd,0,"Fahlstrom, Mr Arne Jonas",19,Southampton,"Oslo, Norway Bayonne, NJ",,,,male
404,2nd,0,"Faunthorpe, Mr Harry",NA,Southampton,"England / Philadelphia, PA",,,-286,male
405,2nd,1,"Faunthorpe, Mrs Lizzie (see Wilkinson, E.)",NA,,,,,,female
406,2nd,0,"Fillbrook, Mr Charles",NA,Southampton,"Cornwall / Houghton, MI",,,,male
407,2nd,0,"Fox, Mr Stanley H.",38,Southampton,"Rochester, NY",,229236 L13,-236,male
408,2nd,0,"Frost, Mr Anthony (Archie) W.",NA,,Belfast,,,,male
409,2nd,0,"Funk, Miss Annie C.",38,Southampton,"Janjgir, India / Pennsylvania",,,,female
410,2nd,0,"Fynney, Mr Joseph J.",35,Southampton,"Liverpool / Montreal, PQ",,,-322,male
411,2nd,0,"Gale, Mr Harry",35,Southampton,"Cornwall / Clear Creek, CO",,,,male
412,2nd,0,"Gale, Mr Shadrach",38,Southampton,"Cornwall / Clear Creek, CO",,,,male
413,2nd,1,"Garside, Miss Ethel",24,Southampton,"Brooklyn, NY",,,,female
414,2nd,0,"Gaskell, Mr Alfred",16,Southampton,"Liverpool / Montreal, PQ",,,,male
415,2nd,0,"Gavey, Mr Lawrence",26,Southampton,"Guernsey / Elizabeth, NJ",,,,male
416,2nd,0,"Gilbert, Mr William",45,Southampton,Cornwall,,,,male
417,2nd,0,"Giles, Mr Edgar",24,Southampton,"Cornwall / Camden, NJ",,,,male
418,2nd,0,"Giles, Mr Frederick",21,Southampton,"Cornwall / Camden, NJ",,,,male
419,2nd,0,"Giles, Mr Ralph",22,Southampton,"West Kensington, London",,,-297,male
420,2nd,0,"Gill, Mr John W.",NA,Southampton,"Clevedon, England",,,,male
421,2nd,0,"Gillespie, Mr William",34,Southampton,"Vancouver, BC",,,,male
422,2nd,0,"Givard, Mr Hans Christensen",30,Southampton,,,,-305,male
423,2nd,0,"Greenberg, Mr Samuel",50,Southampton,"Bronx, NY",,,-19,male
424,2nd,0,"Hale, Mr Reginald",30,Southampton,"Auburn, NY",,,-75,male
425,2nd,1,"Hamalainen, Mrs William (Anna)",23,Southampton,"Detroit, MI",,,,female
426,2nd,1,"Hamalainen, Master Viljo",1,Southampton,"Detroit, MI",,,,male
427,2nd,0,"Harbeck, Mr William H.",44,Southampton,"Seattle, WA / Toledo, OH",,248749 L13,-35,male
428,2nd,0,"Harper, Rev John",28,Southampton,"Denmark Hill, Surrey / Chicago",,,,male
429,2nd,1,"Harper, Miss Nina",6,Southampton,"Denmark Hill, Surrey / Chicago",,,11,female
430,2nd,1,"Harris, Mr George",30,Southampton,London,,,,male
431,2nd,0,"Harris, Mr Walter",NA,Southampton,"Walthamstow, England",,,,male
432,2nd,0,"Hart, Mr Benjamin",43,Southampton,"Ilford, Essex / Winnipeg, MB",,13529 L26 5s,,male
433,2nd,1,"Hart, Mrs Benjamin (Esther)",45,Southampton,"Ilford, Essex / Winnipeg, MB",,13529 L26 5s,14,female
434,2nd,1,"Hart, Miss Eva Miriam",7,Southampton,"Ilford, Essex / Winnipeg, MB",,13529 L26 5s,14,female
435,2nd,1,"Herman, Miss Alice",24,Southampton,"Somerset / Bernardsville, NJ",,,9,female
436,2nd,1,"Herman, Miss Kate",24,Southampton,"Somerset / Bernardsville, NJ",,,9,female
437,2nd,0,"Herman, Mr Samuel",49,Southampton,"Somerset / Bernardsville, NJ",,,,male
438,2nd,1,"Herman, Mrs Samuel (Jane Laver)",48,Southampton,"Somerset / Bernardsville, NJ",,,9,female
439,2nd,1,"Hewlett, Mrs Mary D.",NA,Southampton,"India / Rapid City, SD",,,13,female
440,2nd,0,"Hickman, Mr Leonard Mark",34,Southampton,"West Hampstead, London / Neepawa, MB",,,-256,male
441,2nd,0,"Hickman, Mr Lewis",32,Southampton,"West Hampstead, London / Neepawa, MB",,,,male
442,2nd,0,"Hickman, Mr Stanley George",21,Southampton,"West Hampstead, London / Neepawa, MB",,,,male
443,2nd,0,"Hiltunen, Miss Marta",18,Southampton,"Kontiolahti, Finland / Detroit, MI",,,,female
444,2nd,1,"Hocking, Mrs Elizabeth",53,Southampton,"Cornwall / Akron, OH",,,4,female
445,2nd,0,"Hocking, Mr George",23,Southampton,"Cornwall / Akron, OH",,,,male
446,2nd,1,"Hocking, Miss Ellen (Nellie)",21,Southampton,"Cornwall / Akron, OH",,,4,female
447,2nd,0,"Hocking, Mr Samuel James",NA,Southampton,"Devonport, England",,,,male
448,2nd,0,"Hodges, Mr Henry Price",52,Southampton,Southampton,,,-149,male
449,2nd,0,"Hold, Mr Stephen",42,Southampton,"England / Sacramento, CA",,,,male
450,2nd,1,"Hold, Mrs Stephen (Annie Margaret)",36,Southampton,"England / Sacramento, CA",,,,female
451,2nd,0,"Hood, Mr Ambrose, Jr",21,Southampton,"New Forest, England",,,,male
452,2nd,1,"Hosono, Mr Masafumi",41,Southampton,"Tokyo, Japan",,,13,male
453,2nd,0,"Howard, Mr Benjamin",NA,Southampton,"Swindon, England",,,,male
454,2nd,0,"Howard, Mrs Benjamin (Ellen Truelove)",NA,Southampton,"Swindon, England",,,,female
455,2nd,0,"Hunt, Mr George Henry",33,Southampton,"Philadelphia, PA",,,,male
456,2nd,1,"Ilett, Miss Bertha",17,Southampton,Guernsey,,,,female
457,2nd,0,Jacobsohn Mr Sidney Samuel,NA,Southampton,London,,,,male
458,2nd,1,"Jacobsohn, Mrs Sidney Samuel (Amy Frances Christy)",NA,Southampton,London,,,,female
459,2nd,0,"Jarvis, Mr John Denzil",NA,Southampton,"North Evington, England",,,,male
460,2nd,0,"Jefferys, Mr Clifford",NA,Southampton,"Guernsey / Elizabeth, NJ",,,,male
461,2nd,0,"Jefferys, Mr Ernest",NA,Southampton,"Guernsey / Elizabeth, NJ",,,,male
462,2nd,0,"Jenkin, Mr Stephen Curnow",NA,Southampton,"St Ives, Cornwall / Houghton, MI",,,,male
463,2nd,1,"Jerwan, Mrs Amin S. (Marie Thuillard)",23,Cherbourg,"New York, NY",,,,female
464,2nd,0,"Kantor, Mr Sinai",34,Southampton,"Moscow / Bronx, NY",,,-283,male
465,2nd,1,"Kantor, Mrs Sinai (Miriam Sternim)",NA,Southampton,"Moscow / Bronx, NY",,,,female
466,2nd,0,"Karnes, Mrs J. Frank (Claire Bennett)",22,Southampton,"India / Pittsburgh, PA",,,,female
467,2nd,0,"Keane, Mr Daniel",NA,Queenstown,,,,,male
468,2nd,1,"Keane, Miss Nora A.",NA,Queenstown,"Harrisburg, PA",E-101,,10,female
469,2nd,1,"Kelly, Mrs Florence (Fannie)",45,Southampton,"London / New York, NY",,,,female
470,2nd,0,"Kirkland, Rev Charles Leonard",NA,Queenstown,"Glasgow / Bangor, ME",,,,male
471,2nd,0,"Knight, Mr Robert",NA,,Belfast,,,,male
472,2nd,0,"Kvillner, Mr Johan Henrik Johannesson",31,Southampton,"Sweden / Arlington, NJ",,,-165,male
473,2nd,0,"Lahtinen, Rev William",30,Southampton,"Minneapolis, MN",,,,male
474,2nd,0,"Lahtinen, Mrs William (Anna Sylvan)",26,Southampton,"Minneapolis, MN",,,,female
475,2nd,0,"Lamb, Mr John James",NA,Queenstown,,,,,male
476,2nd,1,"Lemore, Mrs Amelia",34,Southampton,"Chicago, IL",F-33,,14/D,female
477,2nd,0,"LaRoche, Mr Joseph",26,Cherbourg,Paris / Haiti,,,,male
478,2nd,1,"LaRoche, Mrs Joseph (Juliet)",22,Cherbourg,Paris / Haiti,,,,female
479,2nd,1,"LaRoche, Miss Louise",1,Cherbourg,Paris / Haiti,,,,female
480,2nd,1,"LaRoche, Miss Simonne",3,Cherbourg,Paris / Haiti,,,,female
481,2nd,1,"Lehmann, Miss Bertha",NA,Cherbourg,"Berne, Switzerland / Central City, IA",,,,female
482,2nd,1,"Leitch, Miss Jessie",NA,Southampton,"London / Chicago, IL",,,11,female
483,2nd,0,"Levy, Mr Rene Jacques",NA,Cherbourg,"Montreal, PQ",,,,male
484,2nd,0,"Leyson, Mr Robert William Norman",25,Southampton,,,,-108,male
485,2nd,0,"Lingan, Mr John",NA,Queenstown,,,,,male
486,2nd,0,"Louch, Mr Charles Alexander",48,Southampton,"Weston-Super-Mare, Somerset",,,-121,male
487,2nd,1,"Louch, Mrs Charles Alexander (Alice Adelaide)",NA,Southampton,"Weston-Super-Mare, Somerset",,,14,female
488,2nd,0,"Mack, Mrs Mary",57,Southampton,"Southampton / New York, NY",E77,,-52,female
489,2nd,0,"Malachard, Mr Noel",NA,Cherbourg,Paris,,,,male
490,2nd,0,"Mallet, Mr Albert",NA,Cherbourg,"Paris / Montreal, PQ",,,,male
491,2nd,1,"Mallet, Mrs Albert (Antoinette)",NA,Cherbourg,"Paris / Montreal, PQ",,,,female
492,2nd,1,"Mallet, Master Andre",2,Cherbourg,"Paris / Montreal, PQ",,,,male
493,2nd,0,"Mangiavacchi, Mr Serafino Emilio",NA,Cherbourg,"New York, NY",,,,male
494,2nd,0,"Mantvila, Rev Joseph",27,Southampton,"Worcester, MA",,,,male
495,2nd,1,"Marshall, Mrs Kate Louise Phillips",19,Southampton,"Worcester, England",,,,female
496,2nd,0,"Matthews, Mr William John",30,Southampton,"St Austall, Cornwall",,,,male
497,2nd,0,"Maybery, Mr Frank H.",20,Southampton,"Weston-Super-Mare / Moose Jaw, SK",,,,male
498,2nd,0,"McCrae, Mr Arthur Gordon",45,Southampton,"Sydney, Australia",,,-209,male
499,2nd,0,"McCrie, Mr James Matthew",NA,Southampton,"Sarnia, ON",,,,male
500,2nd,0,"McKane, Mr Peter D.",46,Southampton,"Rochester, NY",,,,male
501,2nd,1,"Mellenger, Mrs Elizabeth Anne",41,Southampton,"England / Bennington, VT",,,14/12,female
502,2nd,1,"Mellenger, Miss Madeleine Violet",13,Southampton,"England / Bennington, VT",,,14/12,female
503,2nd,1,"Mellor, Mr William John",19,Southampton,"Chelsea, London",,,B,male
504,2nd,0,"Meyer, Mr August",30,Southampton,"Harrow-on-the-Hill, Middlesex",,,,male
505,2nd,0,"Milling, Mr Jacob Christian",48,Southampton,"Copenhagen, Denmark",,,-271,male
506,2nd,0,"Mitchell, Mr Henry Michael",71,Southampton,"Guernsey / Montclair, NJ and/or Toledo, Ohio",,,,male
507,2nd,0,"Moraweck, Dr Ernest",54,Southampton,"Frankfort, KY",,,,male
508,2nd,0,"Morley, Mr William",NA,Southampton,"Petworth, Sussex",,,,male
509,2nd,0,"Mudd, Mr Thomas C.",NA,Southampton,"Halesworth, England",,,,male
510,2nd,0,"Myles, Mr Thomas Francis",64,Queenstown,"Cambridge, MA",,,,male
511,2nd,0,"Nasser (Nasrallah), Mr Nicholas",32,Cherbourg,"New York, NY",,,-43,male
512,2nd,1,"Nasser (Nasrallah), Mrs Nicholas",18,Cherbourg,"New York, NY",,,,female
513,2nd,1,"Navratil, Master Edmond Roger",2,Southampton,"Nice, France",,230080 L26,D,male
514,2nd,0,"Navratil, Mr Michel",32,Southampton,"Nice, France",,230080 L26,-15,male
515,2nd,1,"Navratil, Master Michel M.",3,Southampton,"Nice, France",,230080 L26,D,male
516,2nd,0,"Nesson, Mr Israel",26,Southampton,"Boston, MA",,,,male
517,2nd,0,"Nicholls, Mr Joseph Charles",19,Southampton,"Cornwall / Hancock, MI",,,-101,male
518,2nd,0,"Norman, Mr Robert Douglas",NA,Southampton,Glasgow,,,-287,male
519,2nd,1,"Nourney, Mr Alfred (aka Baron von Drachstedt)",20,Cherbourg,"Cologne, Germany",D-38,,7,male
520,2nd,1,"Nye, Mrs Elizabeth Ramell",29,Southampton,"Folkstone, Kent / New York, NY",F-33,,11,female
521,2nd,0,"Otter, Mr Richard",39,Southampton,"Middleburg Heights, OH",,,,male
522,2nd,1,"Oxenham, Mr Percy Thomas",22,Southampton,"Pondersend, England / New Durham, NJ",,,,male
523,2nd,1,"Padro y Manent, Mr Julian",NA,Cherbourg,"Spain / Havana, Cuba",,,,male
524,2nd,0,"Pain, Dr Alfred",24,Southampton,"Hamilton, ON",,,,male
525,2nd,1,"Pallas y Castello, Mr Emilio",NA,Cherbourg,"Spain / Havana, Cuba",,,,male
526,2nd,0,"Parker, Mr Clifford R.",28,Southampton,"St Andrews, Guernsey",,,,male
527,2nd,0,"Parkes, Mr Francis (Frank)",NA,,Belfast,,,,male
528,2nd,1,"Parrish, Mrs Lutie Davis",50,Southampton,"Woodford County, KY",,,12,female
529,2nd,0,"Pengelly, Mr Frederick",20,Southampton,"Gunnislake, England / Butte, MT",,,,male
530,2nd,0,"Peruschitz, Rev. Joseph M.",40,Southampton,,,,,male
531,2nd,1,"Phillips, Miss Alice",42,Southampton,"Ilfracombe, Devon",,,12,female
532,2nd,0,"Phillips, Mr Robert",21,Southampton,"Ilfracombe, Devon",,,,male
533,2nd,1,"Pinsky, Miss Rosa",32,Southampton,Russia,,,,female
534,2nd,0,"Ponesell, Mr Martin",34,Southampton,"Denmark / New York, NY",,250647,,male
535,2nd,1,"Portaluppi, Mr Emilio",NA,Cherbourg,"Milford, NH",,,,male
536,2nd,0,"Pulbaum, Mr Frank",NA,Cherbourg,Paris,,,,male
537,2nd,1,"Quick, Mrs Frederick C. (Jane Richards)",33,Southampton,"Plymouth, Devon / Detroit, MI",,,11,female
538,2nd,1,"Quick, Miss Phyllis May",2,Southampton,"Plymouth, Devon / Detroit, MI",,,11,female
539,2nd,1,"Quick, Miss Winifred Vera",8,Southampton,"Plymouth, Devon / Detroit, MI",,,11,female
540,2nd,0,"Reeves, Mr David",36,Southampton,"Brighton, Sussex",,,,male
541,2nd,0,"Renouf, Mr Peter Henry",34,Southampton,"Elizabeth, NJ",,,,male
542,2nd,1,"Renouf, Mrs Peter Henry (Lillian Jefferys)",30,Southampton,"Elizabeth, NJ",,,,female
543,2nd,1,"Reynaldo, Mrs Encarnacion",28,Southampton,Spain,,,,female
544,2nd,0,"Richard, Mr Emil",23,Cherbourg,"Paris / Montreal, PQ",,,,male
545,2nd,1,"Richards, Master George Sidney",0.8333,Southampton,"Cornwall / Akron, OH",,,4,male
546,2nd,1,"Richards, Mrs Sidney (Emily Hocking)",25,Southampton,"Cornwall / Akron, OH",,,4,female
547,2nd,1,"Richards, Master William Rowe",3,Southampton,"Cornwall / Akron, OH",,,4,male
548,2nd,1,"Ridsdale, Miss Lucy",50,Southampton,"London, England / Marietta, Ohio and Milwaukee, WI",,,,female
549,2nd,0,"Rogers, Mr Harry",NA,Southampton,,,,,male
550,2nd,1,"Rugg, Miss Emily",21,Southampton,"Guernsey / Wilmington, DE",,,12,female
551,2nd,0,"Sedgwick, Mr Charles Frederick Waddington",NA,Southampton,Liverpool,,,,male
552,2nd,0,"Sharp, Mr Percival",NA,Southampton,"Hornsey, England",,,,male
553,2nd,1,"Shelley, Mrs William (Imanita)",25,Southampton,"Deer Lodge, MT",,,12,female
554,2nd,1,"Silven, Miss Lyyli",18,Southampton,"Finland / Minneapolis, MN",,,,female
555,2nd,1,"Sincock, Miss Maude",20,Southampton,"Cornwall / Hancock, MI",,,11,female
556,2nd,1,"Siukonnen, Miss Anna",30,Southampton,"Finland / Washington, DC",,,,female
557,2nd,0,"Sjostedt, Mr Ernst Adolf",59,Southampton,"Sault St Marie, ON",,,,male
558,2nd,1,"Slayter, Miss Hilda Mary",30,Queenstown,"Halifax, NS",,,13,female
559,2nd,0,"Slemen, Mr Richard James",35,Southampton,Cornwall,,,,male
560,2nd,0,"Smith (Schmidt), Mr Augustus",22,Southampton,"Newark, NJ",,,,male
561,2nd,1,"Smith, Miss Marion",NA,Southampton,,,,,female
562,2nd,0,"Sobey, Mr Hayden",25,Southampton,"Cornwall / Houghton, MI",,,,male
563,2nd,0,"Stanton, Mr Samuel Ward",41,Cherbourg,"New York, NY",,,,male
564,2nd,0,"Stokes, Mr Philip Joseph",25,Southampton,"Catford, Kent / Detroit, MI",,,-81,male
565,2nd,0,"Sweet, Mr George",14,Southampton,"Somerset / Bernardsville, NJ",,,,male
566,2nd,1,"Toomey, Miss Ellen",50,Southampton,"Indianapolis, IN",,,9,female
567,2nd,0,"Troupiansky, Mr Moses Aaron",22,Southampton,,,,,male
568,2nd,1,"Trout, Mrs William H. (Jessie L.)",NA,Southampton,"Columbus, OH",,,9,female
569,2nd,1,"Troutt, Miss Edwina Celia",27,Southampton,"Bath, England / Massachusetts",E-101,34218 L10 10s,16,female
570,2nd,0,"Turpin, Mr William John",29,Southampton,"Plymouth, England",,,,male
571,2nd,0,"Turpin, Mrs William John (Dorothy Anne Wonnacott)",27,Southampton,"Plymouth, England",,,,female
572,2nd,0,"Veale, Mr James",30,Southampton,"Barre, Co Washington, VT",,,,male
573,2nd,0,"Waelens, Mr Achille",22,Southampton,"Antwerp, Belgium / Stanton, OH",,,-140,male
574,2nd,1,"Walcroft, Miss Nellie",35,Southampton,"Mamaroneck, NY",,,,female
575,2nd,0,"Ware, Mr John James",30,Southampton,"Bristol, England / New Britain, CT",,,,male
576,2nd,1,"Ware, Mrs John James (Florence Louise Long)",28,Southampton,"Bristol, England / New Britain, CT",,,12,female
577,2nd,0,"Ware, Mr William J.",23,Southampton,,,,,male
578,2nd,0,"Watson, Mr Ennis Hastings",NA,Southampton,Belfast,,,,male
579,2nd,1,"Watt, Miss Bertha",12,Southampton,"Aberdeen / Portland, OR",,,9,female
580,2nd,1,"Watt, Mrs James (Bessie Inglis Milne)",40,Southampton,"Aberdeen / Portland, OR",,,9,female
581,2nd,1,"Webber, Miss Susan",36,Southampton,"England / Hartford, CT",E-101,,,female
582,2nd,0,"Weisz, Mr Leopold",28,Southampton,"Bromsgrove, England / Montreal, PQ",,,-293,male
583,2nd,1,"Weisz, Mrs Leopold (Mathilde)",32,Southampton,"Bromsgrove, England / Montreal, PQ",,,,female
584,2nd,1,"Wells, Mrs Arthur H. (Addie Trevaskis)",29,Southampton,"Cornwall / Akron, OH",,,,female
585,2nd,1,"Wells, Miss Joan",4,Southampton,"Cornwall / Akron, OH",,,,female
586,2nd,1,"Wells, Master Ralph Lester",2,Southampton,"Cornwall / Akron, OH",,,,male
587,2nd,1,"West, Miss Barbara J.",NA,Southampton,"Bournmouth, England",,,,female
588,2nd,1,"West, Miss Constance Mirium",NA,Southampton,"Bournmouth, England",,,,female
589,2nd,0,"West, Mr Edwy Arthur",36,Southampton,"Bournmouth, England",,,,male
590,2nd,1,"West, Mrs Edwy Arthur (Ada Mary)",33,Southampton,"Bournmouth, England",,,,female
591,2nd,0,"Wheadon, Mr Edward",NA,Southampton,"Guernsey, England / Edgewood, RI",,,,male
592,2nd,0,"Wheeler, Mr Edwin",NA,Southampton,,,,,male
593,2nd,0,"Wheeler, Mr Frederick",NA,,,,,,male
594,2nd,1,"Wilhelms, Mr Charles",32,Southampton,"London, England",,,9,male
595,2nd,1,"Wilkinson, Mrs Elizabeth Anne",NA,Southampton,"Manchester, England",,,,female
596,2nd,1,"Williams, Mr Charles Eugene",NA,Southampton,"Harrow, England",,,14,male
597,2nd,1,"Wright, Miss Marion",26,Southampton,"Yoevil, England / Cottage Grove, OR",,,9,female
598,2nd,0,"Yrois, Miss Henriette",NA,Southampton,Paris,,,,female
599,2nd,0,"Aldworth, Mr Charles Augustus",30,Southampton,"Bryn Mawr, PA, USA",,248744 L13,,male
600,2nd,1,"Brown, Miss Mildred",24,Southampton,"London / Montreal, PQ",F-33,,11,female
601,2nd,0,"Pernot, Mr Rene",NA,Cherbourg,,2131,L15 1s,,male
602,2nd,0,"Swane, Mr George",18,Southampton,,F-?,,-294,male
603,3rd,0,"Abbing, Mr Anthony",42,Southampton,,,,,male
604,3rd,0,"Abbott, Master Eugene Joseph",13,Southampton,"East Providence, RI",,,,male
605,3rd,0,"Abbott, Mr Rossmore Edward",16,Southampton,"East Providence, RI",,,-190,male
606,3rd,1,"Abbott, Mrs Stanton (Rosa)",35,Southampton,"East Providence, RI",,,A,female
607,3rd,1,"Abelseth, Miss Anna Karen",16,Southampton,"Norway Los Angeles, CA",,,16,female
608,3rd,1,"Abelseth, Mr Olaus",25,Southampton,"Perkins County, SD",,,A,male
609,3rd,1,"Abraham, Mrs Joseph (Sophie Easu)",18,Cherbourg,"Greensburg, PA",,,,female
610,3rd,1,"Abrahamsson, Mr August",20,Southampton,"Taalintehdas, Finland Hoboken, NJ",,,15,male
611,3rd,0,"Adahl, Mr Mauritz Nils Martin",30,Southampton,"Asarum, Sweden Brooklyn, NY",,7076,-72,male
612,3rd,0,"Adams, Mr John",26,Southampton,"Bournemouth, England",,,-103,male
613,3rd,0,"Ahlin, Mrs Johanna Persdotter",40,Southampton,"Sweden Akeley, MN",,,,female
614,3rd,0,"Ahmed, Mr Ali",24,Southampton,,,,,male
615,3rd,0,"Aijo-Nirva, Mr Isak",41,Southampton,"Finland Sudbury, ON",,,,male
616,3rd,1,"Aks, Mrs Sam (Leah Rosen)",18,Southampton,"London, England Norfolk, VA",,392091,13,female
617,3rd,1,"Aks, Master Philip",0.8333,Southampton,"London, England Norfolk, VA",,392091,11,male
618,3rd,0,"Alexander, Mr William",23,Southampton,"England Albion, NY",,,,male
619,3rd,0,"Alhomaki, Mr Ilmari Rudolf",20,Southampton,"Salo, Finland Astoria, OR",,,,male
620,3rd,0,"Ali, Mr William",25,Southampton,Argentina,,,-79,male
621,3rd,0,"Allen, Mr William Henry",35,Southampton,"Lower Clapton, Middlesex or Erdington, Birmingham",,,,male
622,3rd,0,"Allum, Mr Owen George",17,Southampton,"Windsor, England New York, NY",,,-259,male
623,3rd,0,"Andersen, Mr Albert Karvin",32,Southampton,"Bergen, Norway",,,-260,male
624,3rd,0,"Andersen, Mr Thor Olsvigen",20,Southampton,"Oslo, Norway Cameron, WI",,,-89,male
625,3rd,0,"Andersson, Mr Anders Johan",39,Southampton,"Sweden Winnipeg, MN",,,,male
626,3rd,0,"Andersson, Mrs Anders Johan (Alfrida K. Brogren)",39,Southampton,"Sweden Winnipeg, MN",,,,female
627,3rd,0,"Andersson, Miss Ebba Iris",6,Southampton,"Sweden Winnipeg, MN",,,,female
628,3rd,0,"Andersson, Miss Ellis Anna Maria",2,Southampton,"Sweden Winnipeg, MN",,,,female
629,3rd,1,"Andersson, Miss Erna",17,Southampton,"Ruotsinphyhtaa, Finland New York, NY",,,,female
630,3rd,0,"Andersson, Miss Ida Augusta Margareta",38,Southampton,"Vadsbro, Sweden Ministee, MI",,,,female
631,3rd,0,"Andersson, Miss Ingeborg Constancia",9,Southampton,"Sweden Winnipeg, MN",,,,female
632,3rd,0,"Andersson, Mr Johan Samuel",26,Southampton,"Hartford, CT",,,,male
633,3rd,0,"Andersson, Miss Sigrid Elizabeth",11,Southampton,"Sweden Winnipeg, MN",,,,female
634,3rd,0,"Andersson, Master Sigvard Harald Elias",4,Southampton,"Sweden Winnipeg, MN",,,,male
635,3rd,0,"Andreasson, Mr Paul Edvin",20,Southampton,"Sweden Chicago, IL",,,,male
636,3rd,0,"Angheloff, Mr Minko",26,Southampton,"Bulgaria Chicago, IL",,,,male
637,3rd,0,"Arnold, Mr Josef",25,Southampton,"Altdorf, Switzerland",,,,male
638,3rd,0,"Arnold, Mrs Josef (Josephine Frank)",18,Southampton,"Altdorf, Switzerland",,,,female
639,3rd,0,"Aronsson, Mr Ernst Axel Algot",24,Southampton,"Sweden Joliet, IL",,,,male
640,3rd,0,"Asim, Mr Adola",35,Southampton,,,,,male
641,3rd,0,"Asplund, Mr Carl Oscar Vilhelm Gustafsson",40,Southampton,"Sweden  Worcester, MA",,,-142,male
642,3rd,1,"Asplund, Mrs Carl Oscar (Selma Augusta Johansson)",38,Southampton,"Sweden  Worcester, MA",,,4,female
643,3rd,0,"Asplund, Master Carl Edgar",5,Southampton,"Sweden  Worcester, MA",,,,male
644,3rd,0,"Asplund, Master Clarence Gustaf Hugo",9,Southampton,"Sweden Worcester, MA",,,,male
645,3rd,1,"Aspland, Master Edvin Rojj Felix",3,Southampton,"Sweden Worcester, MA",,,4,male
646,3rd,0,"Asplund, Master Filip Oscar",13,Southampton,"Sweden Worcester, MA",,,,male
647,3rd,1,"Asplund, Mr John Charles",23,Southampton,"Oskarshamn, Sweden Minneapolis, MN",,,,male
648,3rd,1,"Asplund, Miss Lillian Gertrud",5,Southampton,"Sweden Worcester, MA",,,4,female
649,3rd,0,"Assaf, Mr Gerios",NA,Cherbourg,"Ottawa, ON",,,,male
650,3rd,1,"Assaf, Mrs Mariana",45,Cherbourg,"Ottawa, ON",,,C,female
651,3rd,0,"Assam, Mr Ali",23,Southampton,,,,,male
652,3rd,0,"Attalah, Miss Malaka",17,Cherbourg,,,,,female
653,3rd,0,"Attala (Kalil), Mr Solomon",27,Cherbourg,"Ottawa, ON",,,,male
654,3rd,0,"Augustsson, Mr Albert",23,Southampton,"Krakoryd, Sweden Bloomington, IL",,,,male
655,3rd,0,"Baccos, Mr Rafoul",20,Cherbourg,,,,,male
656,3rd,0,"Backstrom, Mr Karl Alfred",32,Southampton,"Ruotsinphytaa, Finland New York, NY",,,,male
657,3rd,1,"Backstrom, Mrs Karl Alfred (Maria Mathilda Gustafsson)",33,Southampton,"Ruotsinphytaa, Finland New York, NY",,,,female
658,3rd,1,"Baclini, Miss Eugenie",3,Cherbourg,"Syria New York, NY",,,,female
659,3rd,1,"Baclini, Miss Helene",NA,Cherbourg,"Syria New York, NY",,,,female
660,3rd,1,"Baclini, Miss Maria",NA,Cherbourg,"Syria New York, NY",,,,female
661,3rd,1,"Baclini, Mrs Solomon (Latifa)",NA,Cherbourg,"Syria New York, NY",,,,female
662,3rd,1,"Badman, Miss Emily Louisa",18,Southampton,"London Skanteales, NY",,,,female
663,3rd,0,"Badt, Mr Mohamed",40,Cherbourg,,,,,male
664,3rd,0,"Balkic, Mr Cerin",26,Southampton,,,,,male
665,3rd,1,"Banoura, Miss Ayout",15,Cherbourg,"Syria Youngstown, OH",,,,female
666,3rd,0,"Barbara, Mrs Catherine",45,Cherbourg,"Syria Ottawa, ON",,,,female
667,3rd,0,"Barbara, Miss Saude",18,Cherbourg,"Syria Ottawa, ON",,,,female
668,3rd,0,"Barry, Miss Julia",27,Queenstown,"New York, NY",,,,female
669,3rd,0,Barton Mr David,22,Southampton,"England New York, NY",,,,male
670,3rd,0,"Beavan, Mr William Thomas",19,Southampton,England,,,,male
671,3rd,0,"Bengtsson, Mr John Viktor",26,Southampton,"Krakudden, Sweden Moune, IL",,,,male
672,3rd,0,Berglund. Mr Karl Ivar Sven,22,Southampton,"Tranvik, Finland New York",,,,male
673,3rd,0,"Betros, Mr Tannous",20,Cherbourg,Syria,,,,male
674,3rd,1,"Bing, Mr Lee",32,Southampton,"Hong Kong New York, NY",,,,male
675,3rd,0,"Birkeland, Mr Hans",21,Southampton,"Brennes, Norway New York",,,,male
676,3rd,0,"Bjorklund, Ernst Herbert",18,Southampton,"Stockholm, Sweden New York",,,,male
677,3rd,0,"Bostandyeff, Mr Guentcho",26,Southampton,"Bulgaria Chicago, IL",,,,male
678,3rd,0,"Boulos, Master Akar",6,Cherbourg,"Syria Kent, ON",,,,male
679,3rd,0,"Boulos, Mr Hanna",NA,Cherbourg,Syria,,,,male
680,3rd,0,"Boulos, Mrs Joseph (Sultana)",NA,Cherbourg,"Syria Kent, ON",,,,female
681,3rd,0,"Boulos, Miss Laura",9,Cherbourg,"Syria Kent, ON",,,,female
682,3rd,0,"Bourke, Mr John",40,Queenstown,"Ireland Chicago, IL",,,,male
683,3rd,0,"Bourke, Mrs John (Catherine)",32,Queenstown,"Ireland Chicago, IL",,,,female
684,3rd,0,"Bourke, Miss Mary",NA,Queenstown,"Ireland Chicago, IL",,,,female
685,3rd,0,"Bowen, Mr David",26,Southampton,"Treherbert, Cardiff, Wales",,,,male
686,3rd,1,"Bradley, Miss Bridget Delia",18,Queenstown,"Kingwilliamstown, Co Cork, Ireland Glens Falls, NY",,,13,female
687,3rd,0,"Braf, Miss Elin Ester Maria",20,Southampton,"Medeltorp, Sweden Chicago, IL",,,,female
688,3rd,0,"Brahim, Mr Youssef",NA,Cherbourg,,,,,male
689,3rd,0,"Braund, Mr Lewis Richard",29,Southampton,"Bridgerule, Devon",,,,male
690,3rd,0,"Braund, Mr Owen Harris",22,Southampton,"Bridgerule, Devon",,,,male
691,3rd,0,"Brobek, Mr Karl Rudolf",22,Southampton,"Sweden Worcester, MA",,,,male
692,3rd,0,"Brocklebank, Mr William Alfred",35,Southampton,"Broomfield, Chelmsford, England",,,,male
693,3rd,1,"Buckley, Mr Daniel",21,Queenstown,"Kingwilliamstown, Co Cork, Ireland New York, NY",,,,male
694,3rd,0,"Buckley, Miss Katherine",20,Queenstown,"Co Cork, Ireland Roxbury, MA",,,-299,female
695,3rd,0,"Burke, Mr Jeremiah",19,Queenstown,"Co Cork, Ireland Charlestown, MA",,,,male
696,3rd,0,"Burns, Miss Mary Delia",18,Queenstown,"Co Sligo, Ireland New York, NY",,,,female
697,3rd,0,"Cacic, Mr Grego",18,Southampton,Croatia,,,,male
698,3rd,0,"Cacic, Mr Luka",38,Southampton,Croatia,,,,male
699,3rd,0,"Cacic, Mr Manda",NA,Southampton,Croatia,,,,male
700,3rd,0,"Cacic, Mr Maria",30,Southampton,Croatia,,,,male
701,3rd,0,"Calic, Mr Peter",17,Southampton,,,,,male
702,3rd,0,"Canavan, Miss Mary",21,Queenstown,,,,,female
703,3rd,0,"Canavan, Mr Patrick",21,Queenstown,"Ireland Philadelphia, PA",,,,male
704,3rd,0,"Cann, Mr Ernest",21,Southampton,,,,,male
705,3rd,0,"Caram (Kareem), Mr Joseph",NA,Cherbourg,"Ottawa, ON",,,,male
706,3rd,0,"Caram (Kareem), Mrs Joseph (Maria Elias)",NA,Cherbourg,"Ottawa, ON",,,,female
707,3rd,0,"Carlsson, Mr Carl Robert",24,Southampton,"Goteborg, Sweden Huntley, IL",,,,male
708,3rd,0,"Carlsson, Mr Frans Olof",33,Southampton,"New York, NY",,,,male
709,3rd,0,"Carlsson, Mr Julius",33,Southampton,,,,,male
710,3rd,0,"Carlsson, Mr August Sigfrid",28,Southampton,"Dagsas, Sweden Fower, MN",,,,male
711,3rd,1,"Carr, Miss Helen",16,Queenstown,"Co Longford, Ireland New York, NY",,,,female
712,3rd,0,"Carr, Miss Jeannie",37,Queenstown,"Co Sligo, Ireland Hartford, CT",,,,female
713,3rd,0,"Carver, Mr Alfred John",28,Southampton,"St Denys, Southampton, Hants",,,,male
714,3rd,1,"Cassem, Mr Nassef Belmenly",NA,Cherbourg,"Syria Fredericksburg, VA",,,,male
715,3rd,0,"Celotti, Mr Francesco",24,Southampton,London,,,,male
716,3rd,0,"Chartens, Mr David",21,Southampton,"Ireland New York, NY",,,,male
717,3rd,0,"Chebab, Mr Emir Farres",NA,Cherbourg,,,,,male
718,3rd,0,"Chip, Mr Chang",32,Southampton,"Hong Kong New York, NY",,,,male
719,3rd,0,"Christmann, Mr Emil",29,Southampton,,,,,male
720,3rd,0,"Chronopoulos, Mr Apostolos",26,Cherbourg,Greece,,,,male
721,3rd,0,"Chronopoulos, Mr Demetrios",18,Cherbourg,Greece,,,,male
722,3rd,0,"Coelho, Mr Domingos Fernandes",20,Southampton,Portugal,,,,male
723,3rd,1,"Cohen, Mr Gurshon (Gus)",19,Southampton,"London Brooklyn, NY",,,,male
724,3rd,0,"Colbert, Mr Patrick",24,Queenstown,"Co Limerick, Ireland Sherbrooke, PQ",,,,male
725,3rd,0,"Coleff, Mr Fotio",24,Southampton,,,,,male
726,3rd,0,"Coleff, Mr Peyo",36,Southampton,"Bulgaria Chicago, IL",,,,male
727,3rd,0,"Conlin, Mr Thomas Henry",31,Queenstown,"Philadelphia, PA",,,,male
728,3rd,0,"Connaghton, Mr Michael",31,Queenstown,"Ireland Brooklyn, NY",,,,male
729,3rd,0,"Connolly, Miss Kate",30,Queenstown,Ireland,,,,female
730,3rd,1,"Connolly, Miss Kate",22,Queenstown,Ireland,,,,female
731,3rd,0,"Connors, Mr Patrick",NA,Queenstown,,,,-171,male
732,3rd,0,"Cook, Mr Jacob",43,Southampton,,,,,male
733,3rd,0,"Cor, Mr Bartol",35,Southampton,Austria,,,,male
734,3rd,0,"Cor, Mr Ivan",27,Southampton,Austria,,,,male
735,3rd,0,"Cor, Mr Ludovik",19,Southampton,Austria,,,,male
736,3rd,0,"Corn, Mr Harry",30,Southampton,London,,,,male
737,3rd,1,"Coutts, Mrs William (Minnie)",36,Southampton,"England Brooklyn, NY",,,2,female
738,3rd,1,"Coutts, Master Neville",3,Southampton,"England Brooklyn, NY",,,2,male
739,3rd,1,"Coutts, Master William Leslie",9,Southampton,"England Brooklyn, NY",,,2,male
740,3rd,0,"Coxon, Mr Daniel",59,Southampton,"Merrill, WI",,,,male
741,3rd,0,"Crease, Mr Ernest James",19,Southampton,"Bristol, England Cleveland, OH",,,,male
742,3rd,0,"Cribb, Mr John Hatfield",44,Southampton,"Bournemouth, England Newark, NJ",,,,male
743,3rd,1,"Cribb, Miss Laura Alice",17,Southampton,"Bournemouth, England Newark, NJ",,,,female
744,3rd,0,"Daher, Mr Tannous",NA,Cherbourg,,,,,male
745,3rd,1,"Dahl, Mr Charles Edward",45,Southampton,"Australia Fingal, ND",,,15,male
746,3rd,0,"Dahlberg, Miss Gerda Ulrika",22,Southampton,"Norrlot, Sweden Chicago, IL",,,,female
747,3rd,0,"Dakic, Mr Branko",19,Southampton,Austria,,,,male
748,3rd,1,"Daly, Mr Eugene",29,Queenstown,"Co Athlone, Ireland New York, NY",,,B,male
749,3rd,1,"Daly, Miss Marcella",30,Queenstown,"Co Athlone, Ireland New York, NY",,,,female
750,3rd,0,"Danbom, Mr Ernst Gilbert",34,Southampton,"Stanton, IA",,,,male
751,3rd,0,"Danbom, Mrs Ernst Gilbert (Anna Sigrid Maria Brogren)",28,Southampton,"Stanton, IA",,,,female
752,3rd,0,"Danbom, Master Gilbert Sigvard Emanuel",0.3333,Southampton,"Stanton, IA",,,,male
753,3rd,0,"Danoff, Mr Yoto",27,Southampton,"Bulgaria Chicago, IL",,,,male
754,3rd,0,"Dantchoff, Mr Khristo",25,Southampton,"Bulgaria Chicago, IL",,,,male
755,3rd,0,"Davies, Mr Alfred",24,Southampton,"West Bromwich, England Pontiac, MI",,,,male
756,3rd,0,"Davies, Mr Evan",22,Southampton,,,,,male
757,3rd,0,"Davies, Mr John",21,Southampton,"West Bromwich, England Pontiac, MI",,,,male
758,3rd,0,"Davies, Mr Joseph",17,Southampton,"West Bromwich, England Pontiac, MI",,,,male
759,3rd,0,"Davison, Mr Thomas Henry",NA,Southampton,"Liverpool, England Bedford, OH",,,,male
760,3rd,1,"Davison, Mrs Thomas Henry (Mary Finck)",NA,Southampton,"Liverpool, England Bedford, OH",,,,female
761,3rd,0,"Dean, Mr Bertram",26,Southampton,"Devon, England Wichita, KS",,,,male
762,3rd,1,"Dean, Mrs Bertram (Eva)",33,Southampton,"Devon, England Wichita, KS",,,12,female
763,3rd,1,"Dean, Master Bertram Vere",1,Southampton,"Devon, England Wichita, KS",,,12,male
764,3rd,1,"Dean, Miss Elizabeth Gladys (Millvena)",0.1667,Southampton,"Devon, England Wichita, KS",,,12,female
765,3rd,0,"Delalic, Mr Regyo",25,Southampton,,,,,male
766,3rd,1,"De Messemaeker, Mr William Joseph",36,Southampton,"Tampico, MT",,,15,male
767,3rd,1,"De Messemaeker, Mrs William Joseph (Anna)",36,Southampton,"Tampico, MT",,,13,female
768,3rd,1,"De Mulder, Mr Theo",30,Southampton,"Belgium Detroit, MI",,,,male
769,3rd,0,"Denkoff, Mr Mito",NA,Southampton,"Bulgaria Coon Rapids, IA",,,,male
770,3rd,0,"Dennis, Mr Samuel",23,Southampton,,,,,male
771,3rd,0,"Dennis, Mr William",26,Southampton,,,,,male
772,3rd,1,"Devaney, Miss Margaret",19,Queenstown,"Kilmacowen, Co Sligo, Ireland New York, NY",,,C,female
773,3rd,0,"Dewan, Mr Frank",65,Queenstown,,,,,male
774,3rd,0,"Dibo, Mr Elias",NA,Cherbourg,,,,,male
775,3rd,0,"Dimic, Mr Jovan",42,Southampton,,,,,male
776,3rd,0,"Dintcheff, Mr Valtcho",43,Southampton,,,,,male
777,3rd,0,"Dooley, Mr Patrick",32,Queenstown,"Ireland New York, NY",,,,male
778,3rd,1,"Dorkings, Mr Edward Arthur",19,Southampton,"England Oglesby, IL",,,B,male
779,3rd,1,"Dowdell, Miss Elizabeth",30,Southampton,"Union Hill, NJ",,,13,female
780,3rd,0,"Doyle, Miss Elizabeth",24,Queenstown,"Ireland New York, NY",,,,female
781,3rd,1,"Drapkin, Miss Jennie",23,Southampton,"London New York, NY",,,,female
782,3rd,0,"Drazonovic, Mr Josef",NA,Cherbourg,"Austria Niagara Falls, NY",,,,male
783,3rd,1,"Driscoll, Miss Bridget",24,Queenstown,"Ballydehob, Co Cork, Ireland New York, NY",,,,female
784,3rd,1,"Duquemin, Mr Joseph",24,Southampton,"England Albion, NY",,,D,male
785,3rd,0,"Dyker, Mr Adolf Fredrik",23,Southampton,"West Haven, CT",,,,male
786,3rd,1,"Dyker, Mrs Adolf Fredrik (Anna Elizabeth Judith Andersson)",22,Southampton,"West Haven, CT",,,,female
787,3rd,0,"Econovic, Mr Joso",NA,Southampton,Austria-Hungary,,,,male
788,3rd,0,"Edvardsson, Mr Gustaf Hjalmar",18,Southampton,"Tofta, Sweden Joliet, IL",,,,male
789,3rd,0,"Eklund, Mr Hans Linus",16,Southampton,"Karberg, Sweden Jerome Junction, AZ",,,,male
790,3rd,0,"Ekstrom, Mr Johan",45,Southampton,"Effington Rut, SD",,,,male
791,3rd,0,"Elias, Mr Elias",NA,Cherbourg,Syria,,,,male
792,3rd,0,"Elias, Mr John",NA,Cherbourg,Syria,,,,male
793,3rd,0,"Elias, Mr Joseph",NA,Cherbourg,"Syria Ottawa, ON",,,,male
794,3rd,0,"Elsbury, Mr James",47,Southampton,"Illinois, USA",,,,male
795,3rd,1,"Emanuel, Miss Virginia Ethel",5,Southampton,"New York, NY",,,13,female
796,3rd,0,"Emmeth, Mr Thomas",NA,Southampton,,,,,male
797,3rd,0,"Everett, Thomas James",NA,Southampton,,,,,male
798,3rd,0,"Farrell, Mr James",NA,Queenstown,"Aughnacliff, Co Longford, Ireland New York, NY",,,,male
799,3rd,1,"Finoli, Mr Luigi",NA,Southampton,"Italy Philadelphia, PA",,,,male
800,3rd,0,"Fischer, Mr Eberhard Telander",NA,Southampton,,,,,male
801,3rd,0,"Flynn, Mr James",NA,Queenstown,,,,,male
802,3rd,0,"Flynn, Mr John",NA,Queenstown,,,,,male
803,3rd,0,"Foley, Mr Joseph",NA,Queenstown,"Ireland Chicago, IL",,,,male
804,3rd,0,"Foley, Mr William",NA,Queenstown,Ireland,,,,male
805,3rd,1,"Foo, Mr Choong",NA,Southampton,"Hong Kong New York, NY",,,,male
806,3rd,0,"Ford, Mr Arthur",NA,Southampton,"Bridgwater, Somerset, England",,,,male
807,3rd,0,"Ford, Miss Doolina Margaret",21,Southampton,"Rotherfield, Sussex, England Essex Co, MA",,,,female
808,3rd,0,"Ford, Mr Edward Watson",18,Southampton,"Rotherfield, Sussex, England Essex Co, MA",,,,male
809,3rd,0,"Ford, Miss Maggie",9,Southampton,"Rotherfield, Sussex, England Essex Co, MA",,,,female
810,3rd,0,"Ford, Mrs Edward (Margaret Ann)",48,Southampton,"Rotherfield, Sussex, England Essex Co, MA",,,,female
811,3rd,0,"Ford, Mr Neil Watson",16,Southampton,"Rotherfield, Sussex, England Essex Co, MA",,,,male
812,3rd,0,"Fox, Mr Patrick",NA,Queenstown,"Ireland New York, NY",,,,male
813,3rd,0,"Franklin, Mr Charles",NA,Southampton,,,,,male
814,3rd,0,"Gallagher, Mr Martin",25,Queenstown,"New York, NY",,,,male
815,3rd,0,"Garfirth, Mr John",NA,Southampton,,,,,male
816,3rd,1,"Georges, Mrs Shahini Weappi",NA,Cherbourg,"Youngstown, OH",,,,female
817,3rd,0,"Gilinski, Mr Leslie",22,Southampton,,,,,male
818,3rd,1,"Gilnagh, Miss Katie",16,Queenstown,"Co Longford, Ireland New York, NY",,,,female
819,3rd,1,"Glynn, Miss Mary Agatha",NA,Queenstown,"Co Clare, Ireland Washington, DC",,,13,female
820,3rd,0,"Goldsmith, Mr Frank John",33,Southampton,"Strood, Kent, England Detroit, MI",,,,male
821,3rd,1,"Goldsmith, Mrs Frank John (Emily A. Brown)",NA,Southampton,"Strood, Kent, England Detroit, MI",,,C,female
822,3rd,1,"Goldsmith, Master Frank John William",9,Southampton,"Strood, Kent, England Detroit, MI",,,C,male
823,3rd,0,"Goldsmith, Mr Nathan",41,Southampton,"Philadelphia, PA",,,,male
824,3rd,0,"Goncalves, Mr Manuel Estanslas",38,Southampton,Portugal,,,,male
825,3rd,0,"Goodwin, Mr Frederick",40,Southampton,"Wiltshire, England Niagara Falls, NY",,,,male
826,3rd,0,"Goodwin, Mrs Frederick (Augusta)",43,Southampton,"Wiltshire, England Niagara Falls, NY",,,,female
827,3rd,0,"Goodwin, Mr Charles E.",14,Southampton,"Wiltshire, England Niagara Falls, NY",,,,male
828,3rd,0,"Goodwin, Miss Lillian A.",16,Southampton,"Wiltshire, England Niagara Falls, NY",,,,female
829,3rd,0,"Goodwin, Master Harold V.",9,Southampton,"Wiltshire, England Niagara Falls, NY",,,,male
830,3rd,0,"Goodwin, Miss Jessie A.",10,Southampton,"Wiltshire, England Niagara Falls, NY",,,,female
831,3rd,0,"Goodwin, Master Sidney L.",6,Southampton,"Wiltshire, England Niagara Falls, NY",,,,male
832,3rd,0,"Goodwin, Master William F.",11,Southampton,"Wiltshire, England Niagara Falls, NY",,,,male
833,3rd,0,"Green, Mr George",40,Southampton,"Dorking, Surrey, England",,,,male
834,3rd,0,"Gronnestad, Mr Daniel Danielsen",32,Southampton,"Foresvik, Norway Portland, ND",,,,male
835,3rd,0,"Guest, Mr Robert",NA,Southampton,,,,,male
836,3rd,0,"Gustafsson, Mr Alfred Ossian",20,Southampton,"Waukegan, Chicago, IL",,,,male
837,3rd,0,"Gustafsson, Mr Anders Vilhelm",37,Southampton,"Ruotsinphytaa, Finland New York, NY",,,,male
838,3rd,0,"Gustafsson, Mr Johan Birger",28,Southampton,"Ruotsinphytaa, Finland New York, NY",,,,male
839,3rd,0,"Gustafsson, Mr Karl Gideon",19,Southampton,"Myren, Sweden New York, NY",,,,male
840,3rd,0,"Haas, Miss Aloisia",NA,,,,,,female
841,3rd,0,"Hagardon, Miss Kate",NA,,,,,,female
842,3rd,0,"Hagland, Mr Ingvald Olsen",NA,,,,,,male
843,3rd,0,"Hagland, Mr Konrad Mathias Reiersen",NA,,,,,,male
844,3rd,0,"Hakkarainen, Mr Pekko Pietari",NA,,,,,,male
845,3rd,1,"Hakkarainen, Mrs Pekko Pietari",NA,,,,,,female
846,3rd,0,"Hampe, Mr Leon",NA,,,,,,male
847,3rd,0,"Hansen, Mr Claus Peter",NA,,,,,,male
848,3rd,1,"Hansen, Mrs Claus Peter",NA,,,,,,female
849,3rd,0,"Hansen, Mr Henrik Juul",NA,,,,,,male
850,3rd,0,"Hansen, Mr Henry Damsgaard",NA,,,,,,male
851,3rd,0,"Harknett, Miss Alice",NA,,,,,,female
852,3rd,0,"Harmer, Mr Abraham",NA,,,,,,male
853,3rd,0,"Hart, Mr Henry",NA,,,,,,male
854,3rd,0,"Hassan, Mr M. Houssein",NA,,,,,,male
855,3rd,0,"Healy, Miss Nora",NA,,,,,,female
856,3rd,1,"Hedman, Mr Oscar",NA,,,,,,male
857,3rd,0,"Hee, Mr Ling",NA,,,,,,male
858,3rd,0,"Hegarty, Miss Nora",NA,,,,,,female
859,3rd,1,"Heikkinen, Miss Laina",NA,,,,,,female
860,3rd,0,"Heininen, Miss Wendla Maria",NA,,,,,,female
861,3rd,1,"Hellstrom, Hilda Maria",NA,,,,,,female
862,3rd,0,"Hemming, Miss Nora",NA,,,,,,female
863,3rd,0,"Hendekovic, Mr Ignaz",NA,,,,,,male
864,3rd,0,"Henery, Delia",NA,,,,,,female
865,3rd,0,"Henriksson, Jenny Lovisa",NA,,,,,,female
866,3rd,1,"Hirvonen, Mrs Alexander",NA,,,,,,female
867,3rd,0,"Hirvonen, Miss Hildur E.",NA,,,,,,female
868,3rd,0,"Holm, Mr John Frederik Alexander",NA,,,,,,male
869,3rd,0,"Holthen, Mr Johan Martin",NA,,,,,,male
870,3rd,1,"Honkanen, Miss Eluna",NA,,,,,,female
871,3rd,0,"Horgan, Mr John",NA,,,,,,male
872,3rd,1,"Howard, Miss May",NA,,,,,,female
873,3rd,0,"Humblin, Mr Adolf Mathias Nicolai Olsen",NA,,,,,,male
874,3rd,1,"Hyman, Mr Abraham",NA,,,,,,male
875,3rd,0,"Ilieff, Mr Ylio",NA,,,,,,male
876,3rd,0,"Ilmakangas, Miss Ida Livija",NA,,,,,,female
877,3rd,0,"Ilmakangas, Miss Pieta Sofia",NA,,,,,,female
878,3rd,0,"Ivanoff, Mr Konio",NA,,,,,,male
879,3rd,1,"Jansen, Mr Carl Olof",NA,,,,,,male
880,3rd,0,"Jardin, Mr Jose Netto",NA,,,,,,male
881,3rd,1,"Jensen, Miss Carla Christine",NA,,,,,,female
882,3rd,0,"Jensen, Mr Hans Peder",NA,,,,,,male
883,3rd,0,"Jensen, Mr Niels Peder",NA,,,,,,male
884,3rd,0,"Jensen, Mr Svend Lauritz",NA,,,,,,male
885,3rd,1,"Jermyn, Miss Annie",NA,,,,,,female
886,3rd,0,"Johannesen-Bratthammer, Mr Bernt",NA,,,,,,male
887,3rd,0,"Johanson, Mr Jakob Alfred",NA,,,,,,male
888,3rd,0,"Johansson, Mr Erik",NA,,,,,,male
889,3rd,0,"Johansson, Mr Gustaff Joel",NA,,,,,,male
890,3rd,1,"Johansson, Mr Karl Johan",NA,,,,,,male
891,3rd,0,"Johansson, Mr Nils",NA,,,,,,male
892,3rd,1,"Johansson, Oscar L.",NA,,,,,,male
893,3rd,0,"Johnson, Mr Alfred",NA,,,,,,male
894,3rd,1,"Johnson, Miss Eleanor Ileen",NA,,,,,,female
895,3rd,0,"Johnson, Mr Malkolm Joackim",NA,,,,,,male
896,3rd,1,"Johnson, Master Harold Theodor",NA,,,,,,male
897,3rd,0,"Johnson, Mrs Oscar W.",NA,,,,,,female
898,3rd,0,"Johnson, Mr William Cahoone Jr.",NA,,,,,,male
899,3rd,0,"Johnston, Mr Andrew G.",NA,,,,,,male
900,3rd,0,"Johnston, Mrs Andrew G.",NA,,,,,,female
901,3rd,0,"Johnston, Miss Catherine H.",NA,,,,,,female
902,3rd,0,"Johnston, Master William A.",NA,,,,,,male
903,3rd,0,"Jonkoff, Mr Lazor",NA,,,,,,male
904,3rd,1,"Jonsson, Mr Carl",NA,,,,,,male
905,3rd,0,"Jonsson, Nils Hilding",NA,,,,,,male
906,3rd,0,"Jussila, Miss Aina Maria",NA,,,,,,female
907,3rd,1,"Jussila, Mr Erik",NA,,,,,,male
908,3rd,0,"Jussila, Miss Katriina",NA,,,,,,female
909,3rd,0,"Kallio, Mr Nikolai Erland",NA,,,,,,male
910,3rd,0,"Kalvig, Mr Johannes K. Halverson",NA,,,,,,male
911,3rd,0,"Karajic, Mr Milan",NA,,,,,,male
912,3rd,1,"Karlsson, Mr Einar Gervasius",NA,,,,,,male
913,3rd,0,"Karlsson, Mr Julius Konrad Eugen",NA,,,,,,male
914,3rd,0,"Karlsson, Mr Nils August",NA,,,,,,male
915,3rd,1,"Karun, Miss Anna Mary",NA,,,,,,female
916,3rd,0,"Karun, Mr Franz",NA,,,,,,male
917,3rd,0,"Kassem, Mr Fared",NA,,,,,,male
918,3rd,0,"Keane, Mr Andrew",NA,,,,,,male
919,3rd,0,"Keefe, Mr Arthur",NA,,,,,,male
920,3rd,0,"Kekic, Mr Tido",NA,,,,,,male
921,3rd,1,"Kelly, Miss Anna Kate",NA,,,,,,female
922,3rd,0,"Kelly, Mr James",NA,,,,,,male
923,3rd,0,"Kelly, Mr James",NA,,,,,,male
924,3rd,1,"Kelly, Miss Mary",NA,,,,,,female
925,3rd,0,"Kennedy, Mr John",NA,,,,,,male
926,3rd,0,"Khalil, Mr Betros",NA,,,,,,male
927,3rd,0,"Khalil, Mrs Betros",NA,,,,,,female
928,3rd,0,"Khalil, Mr Saad",NA,,,,,,male
929,3rd,0,"Kiernan, Mr John",NA,,,,,,male
930,3rd,0,"Kiernan, Mr Philip",NA,,,,,,male
931,3rd,0,"Kilgannon, Mr Thomas",NA,,,,,,male
932,3rd,1,"Kink, Mr Anton",NA,,,,,,male
933,3rd,0,"Kink, Mrs Anton (Louise Heilmann)",NA,,,,,,female
934,3rd,1,"Kink, Miss Louise Gretchen",NA,,,,,,female
935,3rd,0,"Kink, Miss Maria",NA,,,,,,female
936,3rd,0,"Kink, Mr Vincenz",NA,,,,,,male
937,3rd,0,"Klasen, Miss Gertrud Emilia",NA,,,,,,female
938,3rd,0,"Klasen, Mrs Hulda Kristina",NA,,,,,,female
939,3rd,0,"Klasen, Mr Klas Albin",NA,,,,,,male
940,3rd,0,"Kraeff, Mr Theodor",NA,,,,,,male
941,3rd,1,"Krekorian, Mr Neshan",NA,,,,,,male
942,3rd,0,"Lahowd, Mr Sarkis",NA,,,,,,male
943,3rd,0,"Laitinen, Miss Kritina Sofia",NA,,,,,,female
944,3rd,0,"Laleff, Mr Kristo",NA,,,,,,male
945,3rd,1,"Lam, Mr Ali",NA,,,,,,male
946,3rd,0,"Lam, Mr Len",NA,,,,,,male
947,3rd,1,"Landegren, Miss Aurora Adelia",NA,,,,,,female
948,3rd,0,"Lane, Mr Patrick",NA,,,,,,male
949,3rd,1,"Lang, Mr Fang",NA,,,,,,male
950,3rd,0,"Larsson, Mr August Viktor",NA,,,,,,male
951,3rd,0,"Larsson, Mr Bengt Edvin",NA,,,,,,male
952,3rd,0,"Larsson-Rondberg, Mr Edvard",NA,,,,,,male
953,3rd,1,"Leeni, Mr Fahim",NA,,,,,,male
954,3rd,0,"Lefebre, Mrs Frank",NA,,,,,,female
955,3rd,0,"Lefebre, Master Henry",NA,,,,,,male
956,3rd,0,"Lefebre, Miss Ida",NA,,,,,,female
957,3rd,0,"Lefebre, Miss Jeannie",NA,,,,,,female
958,3rd,0,"Lefebre, Miss Mathilde",NA,,,,,,female
959,3rd,0,"Leinonen, Mr Antti Gustaf",NA,,,,,,male
960,3rd,0,"Lemberopolous, Mr Peter L.",NA,,,,,,male
961,3rd,0,"Lemom, Mr Denis",NA,,,,,,male
962,3rd,0,"Lemon, Miss Mary",NA,,,,,,female
963,3rd,0,"Leonard, Mr Lionel",NA,,,,,,male
964,3rd,0,"Lester, Mr James",NA,,,,,,male
965,3rd,0,"Lindahl, Miss Agda V.",NA,,,,,,female
966,3rd,0,"Lindblom, Miss Augusta Charlotta",NA,,,,,,female
967,3rd,0,"Lindell, Mr Edvard Bengtsson",NA,,,,,,male
968,3rd,0,"Lindell, Mrs Edvard Bengtsson",NA,,,,,,female
969,3rd,1,"Lindqvist, Eino William",NA,,,,,,male
970,3rd,0,"Linehan, Mr Michael",NA,,,,,,male
971,3rd,0,"Ling, Mr Lee",NA,,,,,,male
972,3rd,0,"Lithman, Mr Simon",NA,,,,,,male
973,3rd,0,"Lobb, Mr William Arthur",NA,,,,,,male
974,3rd,0,"Lobb, Mrs William Arthur",NA,,,,,,female
975,3rd,0,"Lockyer, Mr Edward",NA,,,,,,male
976,3rd,0,"Lovell, Mr John",NA,,,,,,male
977,3rd,1,"Lulich, Mr Nicola",NA,,,,,,male
978,3rd,0,"Lundahl, Mr Johan",NA,,,,,,male
979,3rd,1,"Lundin, Miss Olga Elida",NA,,,,,,female
980,3rd,0,"Lundstrom, Mr Thure Edvin",NA,,,,,,male
981,3rd,0,"Lyntakoff, Mr Stanko",NA,,,,,,male
982,3rd,0,"MacKay, Mr George William",NA,,,,,,male
983,3rd,1,"Madigan, Miss Margaret",NA,,,,,,female
984,3rd,0,"Madsen, Mr Frithiof",NA,,,,,,male
985,3rd,0,"Maenpaa, Mr Matti Alexanteri",NA,,,,,,male
986,3rd,0,"Mahon, Miss Delia",NA,,,,,,female
987,3rd,0,"Maisner, Mr Simon",NA,,,,,,male
988,3rd,0,"Makinen, Mr Kalle Edvard",NA,,,,,,male
989,3rd,1,"Mamee, Mr Hanna",NA,,,,,,male
990,3rd,0,"Mangan, Miss Mary",NA,,,,,,female
991,3rd,1,"Mannion, Miss Margareth",NA,,,,,,female
992,3rd,0,"Mansour, Mr Hanna",NA,,,,,,male
993,3rd,0,"Mardirosian, Mr Sarkis",NA,,,,,,male
994,3rd,0,"Marinko, Mr Dmitri",NA,,,,,,male
995,3rd,0,"Markim, Mr Johann",NA,,,,,,male
996,3rd,0,"Markoff, Mr Marin",NA,,,,,,male
997,3rd,1,"Masselmany, Mrs Fatima",NA,,,,,,female
998,3rd,0,"Matinoff, Mr Nicola",NA,,,,,,male
999,3rd,1,"McCarthy, Miss Katie",NA,,,,,,female
1000,3rd,0,"McCormack, Mr Thomas J.",NA,,,,,,male
1001,3rd,0,"McCoy, Miss Agnes",NA,,,,,,female
1002,3rd,0,"McCoy, Miss Alice",NA,,,,,,female
1003,3rd,0,"McCoy, Mr Bernard",NA,,,,,,male
1004,3rd,0,"McDermott, Miss Delia",NA,,,,,,female
1005,3rd,0,"McElroy, Mr Michael",NA,,,,,,male
1006,3rd,1,"McGovern, Mrs Hugh",NA,,,,,,female
1007,3rd,0,"McGowan, Miss Anna",NA,,,,,,female
1008,3rd,0,"McGowan, Miss Katherine",NA,,,,,,female
1009,3rd,0,"McMahon, Mr Martin",NA,,,,,,male
1010,3rd,0,"McNamee, Mr Neal",NA,,,,,,male
1011,3rd,0,"McNamee, Mrs Neal",NA,,,,,,female
1012,3rd,0,"Meanwell, Miss Marion Ogden",NA,,,,,,female
1013,3rd,0,"Mechen, Mr John",NA,,,,,,male
1014,3rd,0,"Meek, Mrs Thomas",NA,,,,,,female
1015,3rd,0,"Melkebuk, Mrs Philemon",NA,,,,,,female
1016,3rd,0,"Meo, Mr Alfonso",NA,,,,,,male
1017,3rd,1,"Midtsjo, Mr Karl Albert",NA,,,,,,male
1018,3rd,0,"Mihoff, Mr Stoytcho",NA,,,,,,male
1019,3rd,0,"Miles, Mr Frank",NA,,,,,,male
1020,3rd,0,"Mineff, Mr Ivan",NA,,,,,,male
1021,3rd,0,"Minkoff, Mr Lazar",NA,,,,,,male
1022,3rd,0,"Mirko, Mr Dika",NA,,,,,,male
1023,3rd,0,"Mitkoff, Mr Mito",NA,,,,,,male
1024,3rd,1,"Mocklare, Miss Helen Mary",NA,,,,,,female
1025,3rd,0,"Moen, Mr Sigurd H.",NA,,,,,,male
1026,3rd,1,"Moor, Mrs Beila",NA,,,,,,female
1027,3rd,0,"Moor, Master Meier",NA,,,,,,male
1028,3rd,0,"Moore, Mr Leonard Charles",NA,,,,,,male
1029,3rd,1,"Moran, Miss Bertha",NA,,,,,,female
1030,3rd,0,"Moran, Mr Daniel J.",NA,,,,,,male
1031,3rd,0,"Moran, Mr James",NA,,,,,,male
1032,3rd,0,"Morley, Mr Henry Samuel",NA,,,,,,male
1033,3rd,0,"Morrow, Mr Thomas Rowan",NA,,,,,,male
1034,3rd,1,"Moubarek (Borak), Mr Hanna (John)",NA,,,,,,male
1035,3rd,0,"Moubarek, Mrs George",NA,,,,,,female
1036,3rd,0,"Moubarek, Master George",NA,,,,,,male
1037,3rd,0,"Moubarek, Master William George",NA,,,,,,male
1038,3rd,0,"Moss, Albert Johan",NA,,,,,,male
1039,3rd,0,"Moussa, Mrs Mantoura Baloics",NA,,,,,,female
1040,3rd,0,"Moutal, Mr Rahamin",NA,,,,,,male
1041,3rd,1,"Mullins, Miss Katie",NA,,,,,,female
1042,3rd,0,"Mulvihill, Miss Bertha E.",NA,,,,,,female
1043,3rd,0,"Murdlin, Mr Joseph",NA,,,,,,male
1044,3rd,0,"Murphy, Miss Katherine",NA,,,,,,female
1045,3rd,0,"Murphy, Miss Margaret",NA,,,,,,female
1046,3rd,0,"Murphy, Miss Nora",NA,,,,,,female
1047,3rd,0,"Myhrman, Mr Pehr Fabian Oliver Malkolm",NA,,,,,,male
1048,3rd,1,"Nackid, Miss Maria",NA,,,,,,female
1049,3rd,0,"Nackid, Mr Said",NA,,,,,,male
1050,3rd,0,"Nackid, Mrs Said",NA,,,,,,female
1051,3rd,0,"Nahill, Mr Toufik",NA,,,,,,male
1052,3rd,0,"Naidenoff, Mr Penko",NA,,,,,,male
1053,3rd,0,"Nancarrow, W. H.",NA,,,,,,male
1054,3rd,0,"Niklasen, Sander",NA,,,,,,male
1055,3rd,0,"Nosworthy, Richard C.",NA,,,,,,male
1056,3rd,1,"Najib, Miss Adele Kiamie",NA,,,,,,female
1057,3rd,0,"Nancarrow, Mr William Henry",NA,,,,,,male
1058,3rd,0,"Nankoff, Mr Minko",NA,,,,,,male
1059,3rd,0,"Nasr, Mr Mustafa",NA,,,,,,male
1060,3rd,0,"Nassr, Mr Saade Jean",NA,,,,,,male
1061,3rd,0,"Naughton, Miss Hannah",NA,,,,,,female
1062,3rd,0,"Nemaugh, Mr Robert",NA,,,,,,male
1063,3rd,0,"Nenkoff, Mr Christo",NA,,,,,,male
1064,3rd,1,"Nicola-Yarred, Miss Jamila",NA,,,,,,female
1065,3rd,0,"Nicola-Yarred, Master Elias",NA,,,,,,male
1066,3rd,0,"Nieminen, Miss Manta Josefina",NA,,,,,,female
1067,3rd,0,"Niklasson, Mr Samuel",NA,,,,,,male
1068,3rd,0,"Nilsson, Mr August Ferdinand",NA,,,,,,male
1069,3rd,1,"Nilsson, Miss Berta Olivia",NA,,,,,,female
1070,3rd,0,"Nilsson, Miss Helmina Josefina",NA,,,,,,female
1071,3rd,0,"Niskanen, Mr Johan",NA,,,,,,male
1072,3rd,0,"Nosworthy, Mr Richard Cater",NA,,,,,,male
1073,3rd,1,"Novel, Mansouer",NA,,,,,,male
1074,3rd,0,"Nysten, Miss Anna",NA,,,,,,female
1075,3rd,0,"Nysveen, Mr Johan H.",NA,,,,,,male
1076,3rd,0,"O'Brien, Mr Denis",NA,,,,,,male
1077,3rd,0,"O'Brien, Mr Thomas",NA,,,,,,male
1078,3rd,1,"O'Brien, Mrs Thomas",NA,,,,,,female
1079,3rd,0,"O'Connell, Mr Patrick D.",NA,,,,,,male
1080,3rd,0,"O'Connor, Mr Maurice",NA,,,,,,male
1081,3rd,0,"O'Connor, Mr Patrick",NA,,,,,,male
1082,3rd,1,"Odahl, Mr Nils Martin",NA,,,,,,male
1083,3rd,0,"O'Dwyer, Miss Nellie",NA,,,,,,female
1084,3rd,0,"Ohman, Miss Velin",NA,,,,,,female
1085,3rd,0,"O'Keefe, Mr Patrick",NA,,,,,,male
1086,3rd,0,"OLeary, Miss Norah",NA,,,,,,female
1087,3rd,0,"Olsen, Master Arthur",NA,,,,,,male
1088,3rd,0,"Olsen, Mr Charlie (Carl)",NA,,,,,,male
1089,3rd,0,"Olsen, Mr Henry Margido",NA,,,,,,male
1090,3rd,0,"Olsen, Mr Ole M.",NA,,,,,,male
1091,3rd,0,"Olsson, Miss Elida",NA,,,,,,female
1092,3rd,0,"Olsson, Mr Nils Johan",NA,,,,,,male
1093,3rd,1,"Olsson, Mr Oscar Johansson",NA,,,,,,male
1094,3rd,0,"O'Neill, Miss Bridget",NA,,,,,,female
1095,3rd,0,"Oreskovic, Mr Jeko",NA,,,,,,male
1096,3rd,0,"Oreskovic, Mr Luka",NA,,,,,,male
1097,3rd,0,"Oreskovic, Mr Maria",NA,,,,,,male
1098,3rd,0,"Osen, Mr Olof Elon",NA,,,,,,male
1099,3rd,1,"Osman, Miss Maria",NA,,,,,,female
1100,3rd,0,"O'Sullivan, Miss Bridget",NA,,,,,,female
1101,3rd,0,"Panula, Mr Ernesti Arvid",NA,,,,,,male
1102,3rd,0,"Panula, Mr Jaako Arnold",NA,,,,,,male
1103,3rd,0,"Panula, Master Juha Niilo",NA,,,,,,male
1104,3rd,0,"Panula, Mrs John",NA,,,,,,female
1105,3rd,0,"Panula, Master Urho Abraham",NA,,,,,,male
1106,3rd,0,"Panula, Master William",NA,,,,,,male
1107,3rd,0,"Pasic, Mr Jakob",NA,,,,,,male
1108,3rd,0,"Paulner, Mr Uscher",NA,,,,,,male
1109,3rd,0,"Paulsson, Master Gosta Leonard",NA,,,,,,male
1110,3rd,0,"Paulsson, Mrs Nils",NA,,,,,,female
1111,3rd,0,"Paulsson, Master Paul Folke",NA,,,,,,male
1112,3rd,0,"Paulsson, Miss Stina Viola",NA,,,,,,female
1113,3rd,0,"Paulsson, Miss Torborg Danira",NA,,,,,,female
1114,3rd,0,"Pavlovic, Mr Stefo",NA,,,,,,male
1115,3rd,0,"Peacock, Master Alfred Edward",NA,,,,,,male
1116,3rd,0,"Peacock, Mrs Benjamin",NA,,,,,,female
1117,3rd,0,"Peacock, Miss Treasteall",NA,,,,,,female
1118,3rd,0,"Pearce, Mr Ernest",NA,,,,,,male
1119,3rd,0,"Pecruic, Mr Mate",NA,,,,,,male
1120,3rd,0,"Pecruic, Mr Tome",NA,,,,,,male
1121,3rd,0,"Pedersen, Mr Olaf",NA,,,,,,male
1122,3rd,0,"Peduzzi, Mr Joseph",NA,,,,,,male
1123,3rd,1,"Pekoniemi, Mr Edvard",NA,,,,,,male
1124,3rd,0,"Peltomaki, Nikolai Johannes",NA,,,,,,male
1125,3rd,0,"Perkin, Mr John Henry",NA,,,,,,male
1126,3rd,1,"Persson, Mr Ernst Ulrik",NA,,,,,,male
1127,3rd,0,"Peter (Joseph), Miss Mary",NA,,,,,,female
1128,3rd,0,"Peter (Joseph), Mrs Catherine",NA,,,,,,female
1129,3rd,0,"Peter (Joseph), Master Michael J.",NA,,,,,,male
1130,3rd,0,"Peters, Miss Katie",NA,,,,,,female
1131,3rd,0,"Petersen, Mr Marius",NA,,,,,,male
1132,3rd,0,"Petranec, Miss Matilda",NA,,,,,,female
1133,3rd,0,"Petroff, Mr Nedeca",NA,,,,,,male
1134,3rd,0,"Petroff, Mr Pentcho",NA,,,,,,male
1135,3rd,0,"Pettersson, Miss Ellen Natalia",NA,,,,,,female
1136,3rd,0,"Peterson, Mr Johan Emil",NA,,,,,,male
1137,3rd,1,"Pickard (Trembisky), Mr Berk",NA,,,,,,male
1138,3rd,0,"Plotcharsky, Mr Vasil",NA,,,,,,male
1139,3rd,0,"Potchett, Mr George",NA,,,,,,male
1140,3rd,0,"Radeff, Mr Alexander",NA,,,,,,male
1141,3rd,0,"Raibid, Mr Razi",NA,,,,,,male
1142,3rd,0,"Reed, Mr James George",NA,,,,,,male
1143,3rd,0,"Reynolds, Mr Harold",NA,,,,,,male
1144,3rd,0,"Rice, Master Albert",NA,,,,,,male
1145,3rd,0,"Rice, Master Arthur",NA,,,,,,male
1146,3rd,0,"Rice, Master George",NA,,,,,,male
1147,3rd,0,"Rice, Master Eric",NA,,,,,,male
1148,3rd,0,"Rice, Master Eugene",NA,,,,,,male
1149,3rd,0,"Rice, Mrs William",NA,,,,,,female
1150,3rd,0,"Riihiivouri, Miss Sanni",NA,,,,,,female
1151,3rd,0,"Rintamaki, Mr Matti",NA,,,,,,male
1152,3rd,1,"Riordan, Miss Hannah",NA,,,,,,female
1153,3rd,0,"Risien, Mr Samuel",NA,,,,,,male
1154,3rd,0,"Risien, Mrs Samuel",NA,,,,,,female
1155,3rd,0,"Robins, Mr Alexander A.",NA,,,,,,male
1156,3rd,0,"Robins, Mrs Alexander A.",NA,,,,,,female
1157,3rd,0,"Rommetvedt, Mr Karl Kristian Knut",NA,,,,,,male
1158,3rd,0,"Rogers, Mr William John",NA,,,,,,male
1159,3rd,0,"Rosblom, Mrs Viktor",NA,,,,,,female
1160,3rd,0,"Rosblom, Miss Salli Helena",NA,,,,,,female
1161,3rd,0,"Rosblom, Mr Viktor Rickard",NA,,,,,,male
1162,3rd,1,"Roth, Miss Sarah",NA,,,,,,female
1163,3rd,0,"Rouse, Mr Richard Henry",NA,,,,,,male
1164,3rd,0,"Rush, Mr Alfred George John",NA,,,,,,male
1165,3rd,1,"Ryan, Mr Edward Ryan",NA,,,,,,male
1166,3rd,0,"Ryan, Mr Patrick",NA,,,,,,male
1167,3rd,0,"Saad, Mr Amin",NA,,,,,,male
1168,3rd,1,"Saad, Khalil",NA,,,,,,male
1169,3rd,0,"Sadlier, Mr Matthew",NA,,,,,,male
1170,3rd,0,"Sadowitz, Mr Harry",NA,,,,,,male
1171,3rd,0,"Sage, Miss Ada",NA,,,,,,female
1172,3rd,0,"Sage, Miss Constance",NA,,,,,,female
1173,3rd,0,"Sage, Miss Dorothy",NA,,,,,,female
1174,3rd,0,"Sage, Mr Douglas",NA,,,,,,male
1175,3rd,0,"Sage, Mr Frederick",NA,,,,,,male
1176,3rd,0,"Sage, Mr George",NA,,,,,,male
1177,3rd,0,"Sage, Mr John",NA,,,,,,male
1178,3rd,0,"Sage, Mrs John",NA,,,,,,female
1179,3rd,0,"Sage, Miss Stella",NA,,,,,,female
1180,3rd,0,"Sage, Thomas (child)",NA,,,,,,male
1181,3rd,0,"Sage, Master William",NA,,,,,,male
1182,3rd,0,"Salander, Mr Karl Johan",NA,,,,,,male
1183,3rd,1,"Salkjelsvik, Miss Anna",NA,,,,,,female
1184,3rd,0,"Salonen, Mr Johan Werner",NA,,,,,,male
1185,3rd,0,"Samaan, Mr Elias",NA,,,,,,male
1186,3rd,0,"Samaan, Mr Hanna",NA,,,,,,male
1187,3rd,0,"Samaan, Mr Youssef",NA,,,,,,male
1188,3rd,1,"Sandstrom, Miss Hjalmar",NA,,,,,,female
1189,3rd,0,"Sandstrom, Miss Beatrice Irene",NA,,,,,,female
1190,3rd,0,"Sandstrom, Miss Marguerite Rut",NA,,,,,,female
1191,3rd,0,"Sather, Simon Sivertsen",NA,,,,,,male
1192,3rd,0,"Saundercock, William Henry",NA,,,,,,male
1193,3rd,0,"Sawyer, Mr Frederick",NA,,,,,,male
1194,3rd,0,"Scanlan, Mr James",NA,,,,,,male
1195,3rd,0,"Sdycoff, Mr Todor",NA,,,,,,male
1196,3rd,0,Seman Master Betros,NA,,,,,,male
1197,3rd,0,"Serota, Mr Maurice",NA,,,,,,male
1198,3rd,0,"Shaughnesay, Mr Patrick",NA,,,,,,male
1199,3rd,0,"Shedid (Sitik), Mr Daher (Docart)",NA,,,,,,male
1200,3rd,1,"Sheerlinck, Mr Jean",NA,,,,,,male
1201,3rd,0,"Shellard, Mr Frederick B.",NA,,,,,,male
1202,3rd,1,"Shine, Miss Ellen",NA,,,,,,female
1203,3rd,0,"Shorney, Mr Charles",NA,,,,,,male
1204,3rd,0,"Simmons, Mr John",NA,,,,,,male
1205,3rd,0,"Sirayanian, Mr Arsun",NA,,,,,,male
1206,3rd,0,"Sivic, Mr Husen",NA,,,,,,male
1207,3rd,0,"Sivola, Mr Antti",NA,,,,,,male
1208,3rd,1,"Sjoblom, Miss Anna Sofia",NA,,,,,,female
1209,3rd,0,"Sholt, Mr Peter Andreas Lauritz Andersen",NA,,,,,,male
1210,3rd,0,"Skinner, Mr Henry John",NA,,,,,,male
1211,3rd,0,"Skoog, Master Harald",NA,,,,,,male
1212,3rd,0,"Skoog, Master Karl",NA,,,,,,male
1213,3rd,0,"Skoog, Miss Mabel",NA,,,,,,female
1214,3rd,0,"Skoog, Miss Margit",NA,,,,,,female
1215,3rd,0,"Skoog, Mr William",NA,,,,,,male
1216,3rd,0,"Skoog, Mrs William",NA,,,,,,female
1217,3rd,0,"Slabenoff, Mr Petco",NA,,,,,,male
1218,3rd,0,"Slocovski, Mr Selman",NA,,,,,,male
1219,3rd,0,"Smiljanovic, Mr Mile",NA,,,,,,male
1220,3rd,1,"Smyth, Miss Julia",NA,,,,,,female
1221,3rd,0,"Solvang, Mrs Lena Jacobsen",NA,,,,,,female
1222,3rd,0,"Somerton, Mr Francis William",NA,,,,,,male
1223,3rd,1,"Sop, Mr Jules",NA,,,,,,male
1224,3rd,0,"Spector, Mr Woolf",NA,,,,,,male
1225,3rd,0,"Staneff, Mr Ivan",NA,,,,,,male
1226,3rd,0,"Stankovic, Mr Jovan",NA,,,,,,male
1227,3rd,1,"Stanley, Miss Amy Zilla Elsie",NA,,,,,,female
1228,3rd,0,"Stanley, Mr Edward Roland",NA,,,,,,male
1229,3rd,0,"Storey, Mr Thomas",NA,,,,,,male
1230,3rd,0,"Stoyehoff, Mr Ilia",NA,,,,,,male
1231,3rd,0,"Strandberg, Miss Ida Sofia",NA,,,,,,female
1232,3rd,1,"Stranden, Mr Juho",NA,,,,,,male
1233,3rd,0,"Strilic, Mr Ivan",NA,,,,,,male
1234,3rd,0,"Strom, Mrs Wilhelm",NA,,,,,,female
1235,3rd,0,"Strom, Miss Telma (Selma) Matilda",NA,,,,,,female
1236,3rd,1,"Sunderland, Mr Victor Francis",NA,,,,,,male
1237,3rd,0,"Sundman, Mr Johan Julian",NA,,,,,,male
1238,3rd,0,"Sutehall, Mr Henry, Jr",NA,,,,,,male
1239,3rd,0,"Svensson, Mr Johan",NA,,,,,,male
1240,3rd,1,"Svensson, Mr Johan Cervin",NA,,,,,,male
1241,3rd,0,"Svensson, Mr Olof",NA,,,,,,male
1242,3rd,0,"Tannous, Mr Thomas",NA,,,,,,male
1243,3rd,1,"Tenglin, Mr Gunnar Isidor",NA,,,,,,male
1244,3rd,0,"Theobald, Mr Thomas Leonard",NA,,,,,,male
1245,3rd,1,"Thomas, Mrs Alexander",NA,,,,,,female
1246,3rd,0,"Thomas, Master Assad Alexander",NA,,,,,,male
1247,3rd,0,"Thomas, Mr Charles",NA,,,,,,male
1248,3rd,0,"Thomas, Mr John, Jr",NA,,,,,,male
1249,3rd,0,"Thomas, Mr John (? 1st/2nd class)",NA,,,,,,male
1250,3rd,0,"Thomson, Mr Alexander",NA,,,,,,male
1251,3rd,0,"Thorneycroft, Mr Percival",NA,,,,,,male
1252,3rd,1,"Thorneycroft, Mrs Percival",NA,,,,,,female
1253,3rd,0,"Tikkanen, Mr Juho",NA,,,,,,male
1254,3rd,0,"Tobin, Mr Roger",NA,,,,,,male
1255,3rd,0,"Todoroff, Mr Lalio",NA,,,,,,male
1256,3rd,0,"Toerber, Mr Ernest William",NA,,,,,,male
1257,3rd,0,"Tomlin, Mr Ernest Portage",NA,,,,,,male
1258,3rd,0,"Torfa, Mr Assad",NA,,,,,,male
1259,3rd,1,"Tornquist, Mr William Henry",NA,,,,,,male
1260,3rd,0,"Touma (Thomas), Mrs Darwin",NA,,,,,,female
1261,3rd,0,"Touma (Thomas), Master George",NA,,,,,,male
1262,3rd,0,"Touma (Thomas), Miss Hannah",NA,,,,,,female
1263,3rd,0,"Turcin, Mr Stefan",NA,,,,,,male
1264,3rd,1,"Turja, Miss Anna Sofia",NA,,,,,,female
1265,3rd,0,"Turkula, Mrs Hedvig",NA,,,,,,female
1266,3rd,0,"Uzelas, Mr Joso",NA,,,,,,male
1267,3rd,0,"Van Billiard, Mr Austin Blyler",NA,,,,,,male
1268,3rd,0,"Van Billiard, Master James William",NA,,,,,,male
1269,3rd,0,"Van Billiard, Master Walter John",NA,,,,,,male
1270,3rd,0,"Van der Planke, Miss Augusta",NA,,,,,,female
1271,3rd,0,"Van der Planke, Mr Jules",NA,,,,,,male
1272,3rd,0,"Van der Planke, Mrs Jules",NA,,,,,,female
1273,3rd,0,"Van der Planke, Mr Leon",NA,,,,,,male
1274,3rd,0,"Van der Steen, Mr Leo Peter",NA,,,,,,male
1275,3rd,0,"Van de Velde, Mr John Joseph",NA,,,,,,male
1276,3rd,0,"Vandewalle, Mr Nestor Cyriel",NA,,,,,,male
1277,3rd,0,"Van Impe, Miss Catharine",NA,,,,,,female
1278,3rd,0,"Van Impe, Mr Jean Baptiste",NA,,,,,,male
1279,3rd,0,"Van Impe, Mrs Jean Baptiste",NA,,,,,,female
1280,3rd,1,"Vartunian, Mr David",NA,,,,,,male
1281,3rd,0,"Vassilios, Mr Catavelas",NA,,,,,,male
1282,3rd,0,"Vendel, Mr Olof Wdvin",NA,,,,,,male
1283,3rd,0,"Vereruysse, Mr Victor",NA,,,,,,male
1284,3rd,0,"Vestrom, Miss Hulda Amanda Adolfina",NA,,,,,,female
1285,3rd,0,"Vonk, Mr Jenko",NA,,,,,,male
1286,3rd,0,"Ware, Mr Frederick",NA,,,,,,male
1287,3rd,0,"Warren, Mr Charles William",NA,,,,,,male
1288,3rd,0,"Wazli, Mr Yousif",NA,,,,,,male
1289,3rd,0,"Webber, Mr James",NA,,,,,,male
1290,3rd,1,"Wennerstrom, Mr August Edvard",NA,,,,,,male
1291,3rd,0,"Wenzel, Mr Linhart",NA,,,,,,male
1292,3rd,0,"Widegren, Mr Charles Peter",NA,,,,,,male
1293,3rd,0,"Wiklund, Mr Jacob Alfred",NA,,,,,,male
1294,3rd,1,"Wilkes, Mrs Ellen",NA,,,,,,female
1295,3rd,0,"Willer, Mr Aaron",NA,,,,,,male
1296,3rd,0,"Willey, Mr Edward",NA,,,,,,male
1297,3rd,0,"Williams, Mr Howard Hugh",NA,,,,,,male
1298,3rd,0,"Williams, Mr Leslie",NA,,,,,,male
1299,3rd,0,"Windelov, Mr Einar",NA,,,,,,male
1300,3rd,0,"Wirz, Mr Albert",NA,,,,,,male
1301,3rd,0,"Wiseman, Mr Phillippe",NA,,,,,,male
1302,3rd,0,"Wittevrongel, Mr Camiel",NA,,,,,,male
1303,3rd,1,"Yalsevac, Mr Ivan",NA,,,,,,male
1304,3rd,0,"Yasbeck, Mr Antoni",NA,,,,,,male
1305,3rd,1,"Yasbeck, Mrs Antoni",NA,,,,,,female
1306,3rd,0,"Youssef, Mr Gerios",NA,,,,,,male
1307,3rd,0,"Zabour, Miss Hileni",NA,,,,,,female
1308,3rd,0,"Zabour, Miss Tamini",NA,,,,,,female
1309,3rd,0,"Zakarian, Mr Artun",NA,,,,,,male
1310,3rd,0,"Zakarian, Mr Maprieder",NA,,,,,,male
1311,3rd,0,"Zenn, Mr Philip",NA,,,,,,male
1312,3rd,0,"Zievens, Rene",NA,,,,,,female
1313,3rd,0,"Zimmerman, Leo",NA,,,,,,male
